case,level,agl_median_m,agl_min_m,agl_max_m,speed_mean,speed_p95,speed_max,w_abs_p99,w_abs_max,w_grid_abs_p99,w_grid_abs_max
v1_auto1_n60_top12_s26,0,9.6910400390625,8.89306640625,10.443115234375,1.6052337884902954,3.20941424369812,7.1774163246154785,1.1971948146820068,2.718311071395874,0.09362784028053284,0.30805543065071106
v1_auto1_n60_top12_s26,1,31.4530029296875,27.46142578125,35.21435546875,1.7633569240570068,3.8002216815948486,8.466995239257812,1.311000108718872,3.147426128387451,0.19019494950771332,0.698639988899231
v1_auto1_n60_top12_s26,2,58.3822021484375,49.053466796875,67.17138671875,1.769101858139038,4.004185676574707,8.904499053955078,1.3039659261703491,3.206587076187134,0.30725663900375366,1.1123586893081665
v1_auto1_n60_top12_s26,3,90.397216796875,73.386962890625,106.42059326171875,1.7649180889129639,4.133363723754883,9.217150688171387,1.2649223804473877,3.164790630340576,0.43407145142555237,1.5173861980438232
v1_auto1_n60_top12_s26,4,127.4066162109375,100.158447265625,153.06707763671875,1.7740801572799683,4.234739303588867,9.598219871520996,1.2078827619552612,3.0499253273010254,0.5628049969673157,1.8876594305038452
v1_auto1_n60_top12_s26,5,169.3236083984375,129.094970703125,207.1956787109375,1.7932904958724976,4.310290813446045,9.796796798706055,1.1489653587341309,2.9036715030670166,0.692317008972168,2.2018702030181885
v1_auto1_n60_top12_s26,6,216.0682373046875,159.97021484375,268.8583984375,1.8074769973754883,4.333500862121582,9.837263107299805,1.0954946279525757,2.751077890396118,0.8295660614967346,2.4879655838012695
v1_auto1_n60_top12_s26,7,267.5693359375,192.61181640625,338.071533203125,1.838792085647583,4.345092296600342,9.748108863830566,1.0504372119903564,2.606916904449463,0.9638818502426147,2.735017776489258
v1_auto1_n60_top12_s26,8,323.7635498046875,226.90576171875,414.81207275390625,1.8853391408920288,4.346515655517578,9.504620552062988,1.0145384073257446,2.519331455230713,1.091712474822998,2.9324162006378174
v1_auto1_n60_top12_s26,9,384.5721435546875,262.800537109375,499.0174560546875,1.9504153728485107,4.348633289337158,9.160606384277344,1.001754879951477,2.4193568229675293,1.2076281309127808,3.066197156906128
v1_auto1_n60_top12_s26,10,450.0076904296875,300.30810546875,590.579345703125,2.027113199234009,4.397833824157715,8.733335494995117,0.9978734850883484,2.400188446044922,1.3134652376174927,3.122868537902832
v1_auto1_n60_top12_s26,11,520.0213623046875,339.50927734375,689.3472900390625,2.1094775199890137,4.470952987670898,8.272501945495605,0.9950421452522278,2.4888999462127686,1.4075716733932495,3.488985061645508
v1_auto1_n60_top12_s26,12,594.586181640625,380.548095703125,795.1290283203125,2.2009904384613037,4.5713982582092285,7.822413444519043,0.9967437386512756,2.546226978302002,1.4871635437011719,3.834357500076294
v1_auto1_n60_top12_s26,13,673.6597900390625,423.63427734375,907.6912841796875,2.308537006378174,4.675556182861328,7.486195087432861,0.9946562647819519,2.579465866088867,1.5477608442306519,4.152368545532227
v1_auto1_n60_top12_s26,14,757.271484375,469.036865234375,1026.7650146484375,2.437011957168579,4.75429105758667,7.654908180236816,0.97507244348526,2.6699166297912598,1.5860506296157837,4.467774391174316
v1_auto1_n60_top12_s26,15,845.3331298828125,517.079345703125,1152.0501708984375,2.5878734588623047,4.814625263214111,7.805009365081787,0.9379445314407349,2.858711004257202,1.5981667041778564,4.750477313995361
v1_auto1_n60_top12_s26,16,938.0452880859375,568.13525390625,1283.220703125,2.7579100131988525,4.885443687438965,7.968134880065918,0.9021335244178772,3.0421457290649414,1.584843397140503,5.0033721923828125
v1_auto1_n60_top12_s26,17,1035.3486328125,622.614990234375,1419.9356689453125,2.9409759044647217,5.026322364807129,8.129491806030273,0.8525496125221252,3.21382999420166,1.557979941368103,5.218193531036377
v1_auto1_n60_top12_s26,18,1137.3446044921875,680.963134765625,1561.8426513671875,3.1293015480041504,5.254122734069824,8.269121170043945,0.8091518878936768,3.381891965866089,1.5117958784103394,5.393823146820068
v1_auto1_n60_top12_s26,19,1243.82421875,743.640380859375,1708.5926513671875,3.3226912021636963,5.556565284729004,8.417454719543457,0.7513207197189331,3.537654161453247,1.461655616760254,5.528182029724121
v1_auto1_n60_top12_s26,20,1355.150390625,811.1201171875,1859.8428955078125,3.5160272121429443,5.887692928314209,8.521879196166992,0.7021809816360474,3.678770065307617,1.4110875129699707,5.656978607177734
v1_auto1_n60_top12_s26,21,1471.3870849609375,883.87255859375,2015.2716064453125,3.719608783721924,6.247226238250732,8.65804672241211,0.6536419987678528,3.8160593509674072,1.3555908203125,5.772299289703369
v1_auto1_n60_top12_s26,22,1592.3011474609375,962.3564453125,2174.5841064453125,3.9272565841674805,6.6118292808532715,8.797987937927246,0.5945404171943665,3.937856912612915,1.2907549142837524,5.849522113800049
v1_auto1_n60_top12_s26,23,1718.3846435546875,1047.008056640625,2337.5218505859375,4.129587173461914,6.970457077026367,8.96908187866211,0.5384787917137146,4.043787956237793,1.2169628143310547,5.894020080566406
v1_auto1_n60_top12_s26,24,1849.244873046875,1138.234130859375,2503.8677978515625,4.312840938568115,7.2892231941223145,9.119114875793457,0.4986271560192108,4.137950420379639,1.1364246606826782,5.918103218078613
v1_auto1_n60_top12_s26,25,1985.0546875,1236.403076171875,2673.4544677734375,4.451783657073975,7.548597812652588,9.168742179870605,0.4719976782798767,4.226305961608887,1.0421961545944214,5.926607608795166
v1_auto1_n60_top12_s26,26,2126.734375,1341.838623046875,2846.1658935546875,4.521378517150879,7.722558498382568,9.089058876037598,0.4436933100223541,4.3016557693481445,0.9376839399337769,5.905887603759766
v1_auto1_n60_top12_s26,27,2274.0150146484375,1454.818603515625,3021.9403076171875,4.489920616149902,7.690672397613525,8.988260269165039,0.41274741291999817,4.346059322357178,0.8308045864105225,5.827193260192871
v1_auto1_n60_top12_s26,28,2426.511962890625,1575.570556640625,3200.7720947265625,4.4012556076049805,7.494713306427002,8.753175735473633,0.39731645584106445,4.425595760345459,0.728244423866272,5.73690128326416
v1_auto1_n60_top12_s26,29,2584.472900390625,1704.272216796875,3382.7066650390625,4.304601192474365,7.207719326019287,8.331587791442871,0.3915365934371948,4.500095844268799,0.6335683465003967,5.724381446838379
v1_auto1_n60_top12_s26,30,2748.37060546875,1841.053955078125,3567.8416748046875,4.211191654205322,6.808461666107178,7.806367874145508,0.382276326417923,4.504193305969238,0.5607972145080566,5.633002758026123
v1_auto1_n60_top12_s26,31,2918.075439453125,1986.002685546875,3756.3211669921875,4.060321807861328,6.415304183959961,7.1806135177612305,0.3609078526496887,4.4388203620910645,0.5019070506095886,5.4225664138793945
v1_auto1_n60_top12_s26,32,3093.411865234375,2139.162353515625,3949.9267578125,3.8823883533477783,5.861055374145508,6.714924335479736,0.3394787907600403,4.280742168426514,0.45357850193977356,5.079504013061523
v1_auto1_n60_top12_s26,33,3275.189208984375,2300.543701171875,4147.412109375,3.7880289554595947,5.427045822143555,6.143740177154541,0.3061535358428955,4.001639366149902,0.4032159447669983,4.650188446044922
v1_auto1_n60_top12_s26,34,3462.2415771484375,2470.128173828125,4348.99560546875,3.7923784255981445,5.966004371643066,6.917316913604736,0.28300371766090393,3.662388563156128,0.3664528727531433,4.757275104522705
v1_auto1_n60_top12_s26,35,3656.2037353515625,2647.874267578125,4554.92626953125,3.9361202716827393,7.140252113342285,8.118464469909668,0.27807655930519104,4.153489112854004,0.358318954706192,5.320851802825928
v1_auto1_n60_top12_s26,36,3856.19482421875,2833.66064453125,4765.46484375,4.1121296882629395,7.670630931854248,8.392294883728027,0.27192002534866333,4.670175075531006,0.36225950717926025,5.910122871398926
v1_auto1_n60_top12_s26,37,4062.3060302734375,3027.3662109375,4980.8740234375,4.286046504974365,7.933167457580566,8.916667938232422,0.2779502272605896,5.189107418060303,0.35545074939727783,6.462983131408691
v1_auto1_n60_top12_s26,38,4275.7496337890625,3229.02587890625,5201.41796875,4.599842071533203,8.944099426269531,10.337225914001465,0.27634137868881226,5.662984371185303,0.3520342707633972,6.929741859436035
v1_auto1_n60_top12_s26,39,4494.8717041015625,3438.56298828125,5427.35107421875,5.091383934020996,9.992452621459961,11.291386604309082,0.27033111453056335,6.061473846435547,0.3373784124851227,7.293169021606445
v1_auto1_n60_top12_s26,40,4720.912353515625,3655.90478515625,5658.91796875,5.455621719360352,10.375014305114746,11.00973892211914,0.2736768126487732,6.337697982788086,0.3410845696926117,7.4662275314331055
v1_auto1_n60_top12_s26,41,4954.2412109375,3880.9814453125,5896.34619140625,5.374124526977539,9.92521858215332,10.601391792297363,0.30312851071357727,6.4126410484313965,0.3722984194755554,7.359897613525391
v1_auto1_n60_top12_s26,42,5193.9969482421875,4113.72802734375,6139.84521484375,5.098926067352295,9.277606964111328,10.456026077270508,0.33251041173934937,6.216840744018555,0.39676764607429504,6.915471076965332
v1_auto1_n60_top12_s26,43,5440.615478515625,4354.08642578125,6389.60205078125,4.8389573097229,8.730722427368164,10.077567100524902,0.35040631890296936,5.731802463531494,0.4020251929759979,6.161609172821045
v1_auto1_n60_top12_s26,44,5693.948486328125,4602.00390625,6645.783203125,4.6366047859191895,8.679473876953125,9.415705680847168,0.3515787720680237,5.014057636260986,0.4021753668785095,5.2084856033325195
v1_auto1_n60_top12_s26,45,5955.30615234375,4857.43115234375,6908.52978515625,4.472228527069092,8.463876724243164,9.402688980102539,0.3604640066623688,4.1864542961120605,0.4181998670101166,4.229933738708496
v1_auto1_n60_top12_s26,46,6222.478515625,5120.32275390625,7177.9580078125,4.424816608428955,7.8038249015808105,9.76284122467041,0.38030412793159485,3.3928725719451904,0.43871092796325684,3.378232717514038
v1_auto1_n60_top12_s26,47,6497.167236328125,5390.63623046875,7454.16455078125,4.466244697570801,7.469806671142578,10.077138900756836,0.39508384466171265,2.700997829437256,0.4566652476787567,2.6500468254089355
v1_auto1_n60_top12_s26,48,6778.5438232421875,5668.32373046875,7737.21630859375,4.464994430541992,7.673004627227783,9.86362361907959,0.42055583000183105,2.0841305255889893,0.4860105812549591,2.2604925632476807
v1_auto1_n60_top12_s26,49,7067.0452880859375,5953.33740234375,8027.16259765625,4.514752388000488,7.522580146789551,9.372355461120605,0.4392077326774597,2.019796133041382,0.5007982850074768,2.261312484741211
v1_auto1_n60_top12_s26,50,7363.191650390625,6245.62158203125,8324.02490234375,4.429421424865723,7.482663154602051,9.903545379638672,0.46593090891838074,1.9888198375701904,0.5254492163658142,2.0759658813476562
v1_auto1_n60_top12_s26,51,7666.0740966796875,6545.10986328125,8627.80322265625,4.664374351501465,8.36280345916748,10.387260437011719,0.46604838967323303,1.6093318462371826,0.4949711561203003,1.4420050382614136
v1_auto1_n60_top12_s26,52,7976.06494140625,6851.72998046875,8938.47900390625,5.529305934906006,8.873493194580078,11.099678039550781,0.4168086051940918,1.0410975217819214,0.42513221502304077,0.8250241875648499
v1_auto1_n60_top12_s26,53,8293.16650390625,7165.38720703125,9256.00341796875,6.460397720336914,9.608063697814941,11.30456829071045,0.3648407757282257,0.6226772665977478,0.38527557253837585,0.7196028232574463
v1_auto1_n60_top12_s26,54,8617.053588867188,7485.97412109375,9580.30908203125,6.9945292472839355,9.717968940734863,12.198394775390625,0.3428875207901001,0.6403192281723022,0.378686785697937,0.6556754112243652
v1_auto1_n60_top12_s26,55,8947.619995117188,7813.36376953125,9911.30517578125,7.353355407714844,10.117997169494629,12.878863334655762,0.3237839937210083,0.5669972896575928,0.32746005058288574,0.5564427971839905
v1_auto1_n60_top12_s26,56,9284.536987304688,8147.39990234375,10248.87060546875,8.005670547485352,10.547760009765625,13.247599601745605,0.2628953158855438,0.47876104712486267,0.2556549906730652,0.46565914154052734
v1_auto1_n60_top12_s26,57,9627.58056640625,8487.90380859375,10592.86083984375,8.88812255859375,11.726297378540039,14.434236526489258,0.19257424771785736,0.3927830159664154,0.18409030139446259,0.40515249967575073
v1_auto1_n60_top12_s26,58,9977.171142578125,8834.66259765625,10943.09619140625,9.456990242004395,13.071932792663574,14.817909240722656,0.13943074643611908,0.39329349994659424,0.13627378642559052,0.4343142807483673
v1_auto1_n60_top12_s26,59,10332.358032226562,9187.42236328125,11299.36572265625,9.674020767211914,13.462299346923828,15.465774536132812,0.0742831602692604,0.4101789593696594,0.05236712843179703,0.41612422466278076
v2_auto1_n80_top12_s26,0,7.29052734375,6.7490234375,7.80078125,1.6068472862243652,3.2110824584960938,7.189145565032959,1.2026749849319458,2.7525668144226074,0.07036203145980835,0.2310439497232437
v2_auto1_n80_top12_s26,1,23.70068359375,20.991455078125,26.253662109375,1.7220356464385986,3.646528959274292,8.293508529663086,1.2857104539871216,3.0873019695281982,0.14526990056037903,0.5340490937232971
v2_auto1_n80_top12_s26,2,44.0240478515625,37.69287109375,49.98956298828125,1.766925573348999,3.917126417160034,8.758776664733887,1.3069322109222412,3.1848626136779785,0.23530659079551697,0.8691127300262451
v2_auto1_n80_top12_s26,3,68.1639404296875,56.6220703125,79.03802490234375,1.762969970703125,4.05134916305542,9.019967079162598,1.2936577796936035,3.204261302947998,0.33779922127723694,1.2148350477218628
v2_auto1_n80_top12_s26,4,96.017822265625,77.537109375,113.425537109375,1.7602088451385498,4.147853374481201,9.301082611083984,1.253360390663147,3.146786689758301,0.4458194673061371,1.5542231798171997
v2_auto1_n80_top12_s26,5,127.486083984375,100.2138671875,153.1688232421875,1.76724112033844,4.220851898193359,9.61158275604248,1.2027026414871216,3.044248580932617,0.5546668767929077,1.871962547302246
v2_auto1_n80_top12_s26,6,162.4749755859375,124.453857421875,198.2703857421875,1.7806700468063354,4.277359485626221,9.782264709472656,1.1466894149780273,2.9213414192199707,0.6654366254806519,2.155879259109497
v2_auto1_n80_top12_s26,7,200.894775390625,150.0908203125,248.70989990234375,1.80220627784729,4.3280415534973145,9.821473121643066,1.1090495586395264,2.7944130897521973,0.7791149020195007,2.4000563621520996
v2_auto1_n80_top12_s26,8,242.664306640625,176.98828125,304.4521484375,1.822819709777832,4.343844890594482,9.821185111999512,1.067011833190918,2.6704261302948,0.8912729620933533,2.620823621749878
v2_auto1_n80_top12_s26,9,287.7054443359375,205.043701171875,365.4378662109375,1.8551815748214722,4.348008155822754,9.66620922088623,1.033499836921692,2.574024200439453,1.0027952194213867,2.8107247352600098
v2_auto1_n80_top12_s26,10,335.940185546875,234.186767578125,431.59002685546875,1.8987903594970703,4.3446807861328125,9.447393417358398,1.0054281949996948,2.5001308917999268,1.1062394380569458,2.963515281677246
v2_auto1_n80_top12_s26,11,387.2945556640625,264.381103515625,502.8099365234375,1.955000400543213,4.350915908813477,9.139851570129395,0.9986739158630371,2.414255380630493,1.203903079032898,3.0701167583465576
v2_auto1_n80_top12_s26,12,441.7470703125,295.625732421875,578.97509765625,2.0186612606048584,4.391848564147949,8.784466743469238,0.9961036443710327,2.3793952465057373,1.2932517528533936,3.121844530105591
v2_auto1_n80_top12_s26,13,499.22900390625,327.947998046875,659.9476318359375,2.0860331058502197,4.447562217712402,8.405104637145996,0.9942983388900757,2.4612085819244385,1.3727331161499023,3.355064868927002
v2_auto1_n80_top12_s26,14,559.69189453125,361.412109375,745.5672607421875,2.1582932472229004,4.530673027038574,8.022896766662598,0.9955989122390747,2.5195436477661133,1.4444094896316528,3.649709463119507
v2_auto1_n80_top12_s26,15,623.0545654296875,396.106689453125,835.658203125,2.238720655441284,4.609536647796631,7.668846130371094,0.9965670704841614,2.5533246994018555,1.5053136348724365,3.9260990619659424
v2_auto1_n80_top12_s26,16,689.342529296875,432.151123046875,930.0286865234375,2.332139253616333,4.69246768951416,7.522714614868164,0.9928576946258545,2.5861332416534424,1.5512079000473022,4.186212062835693
v2_auto1_n80_top12_s26,17,758.470703125,469.687255859375,1028.472900390625,2.4392287731170654,4.755281448364258,7.658156394958496,0.9744497537612915,2.6749565601348877,1.5827462673187256,4.446971416473389
v2_auto1_n80_top12_s26,18,830.3829345703125,508.881591796875,1130.77490234375,2.5610413551330566,4.808218479156494,7.775618076324463,0.9440292716026306,2.8313567638397217,1.595643401145935,4.684342861175537
v2_auto1_n80_top12_s26,19,905.1053466796875,549.91552734375,1236.711669921875,2.696946859359741,4.857424259185791,7.921997547149658,0.9151294231414795,2.9814236164093018,1.5899289846420288,4.899104118347168
v2_auto1_n80_top12_s26,20,982.6756591796875,592.98681640625,1346.0550537109375,2.8418331146240234,4.942662239074707,8.035517692565918,0.8806197643280029,3.1268205642700195,1.5769453048706055,5.091443061828613
v2_auto1_n80_top12_s26,21,1063.0321044921875,638.302978515625,1458.5762939453125,2.9926068782806396,5.074495315551758,8.174406051635742,0.8411276340484619,3.2616448402404785,1.5481075048446655,5.254824161529541
v2_auto1_n80_top12_s26,22,1146.147216796875,686.077392578125,1574.0467529296875,3.14553165435791,5.277197360992432,8.281109809875488,0.8044939637184143,3.3972465991973877,1.5119829177856445,5.394319534301758
v2_auto1_n80_top12_s26,23,1231.859130859375,736.527099609375,1692.2454833984375,3.3015122413635254,5.521089553833008,8.400452613830566,0.7579686641693115,3.522953987121582,1.473781943321228,5.505442142486572
v2_auto1_n80_top12_s26,24,1320.477294921875,789.866455078125,1812.9581298828125,3.455850839614868,5.781231880187988,8.497074127197266,0.7166407704353333,3.637246608734131,1.4335330724716187,5.600934982299805
v2_auto1_n80_top12_s26,25,1411.963134765625,846.3046875,1935.9820556640625,3.6151208877563477,6.0600409507751465,8.581853866577148,0.6809925436973572,3.7502787113189697,1.3895187377929688,5.709142684936523
v2_auto1_n80_top12_s26,26,1505.8841552734375,906.042724609375,2061.1292724609375,3.780377149581909,6.352780818939209,8.702079772949219,0.635755181312561,3.85553240776062,1.3444045782089233,5.791683197021484
v2_auto1_n80_top12_s26,27,1602.7686767578125,969.268310546875,2188.2269287109375,3.944286584854126,6.642309188842773,8.806686401367188,0.591114342212677,3.95021390914917,1.292051911354065,5.851528644561768
v2_auto1_n80_top12_s26,28,1702.4703369140625,1036.156494140625,2317.1219482421875,4.104944229125977,6.929073810577393,8.941712379455566,0.5449724793434143,4.035231590270996,1.2356213331222534,5.891183853149414
v2_auto1_n80_top12_s26,29,1804.843017578125,1106.863525390625,2447.6790771484375,4.253962993621826,7.188024044036865,9.078400611877441,0.5098252892494202,4.11265754699707,1.1727168560028076,5.917093276977539
v2_auto1_n80_top12_s26,30,1909.681396484375,1181.526611328125,2579.7857666015625,4.382198333740234,7.406250953674316,9.150687217712402,0.48718464374542236,4.184657573699951,1.1049220561981201,5.930086612701416
v2_auto1_n80_top12_s26,31,2017.53173828125,1260.264892578125,2713.3502197265625,4.474997043609619,7.598165988922119,9.158451080322266,0.4690902531147003,4.251032829284668,1.0282258987426758,5.931525230407715
v2_auto1_n80_top12_s26,32,2128.5029296875,1343.175048828125,2848.3016357421875,4.5215864181518555,7.72386360168457,9.086997985839844,0.4432385563850403,4.307971477508545,0.9478641748428345,5.915038585662842
v2_auto1_n80_top12_s26,33,2242.4693603515625,1430.333251953125,2984.5916748046875,4.505198001861572,7.715822696685791,9.019554138183594,0.4204537868499756,4.3469343185424805,0.8640834093093872,5.865788459777832
v2_auto1_n80_top12_s26,34,2359.3280029296875,1521.794189453125,3122.1905517578125,4.443553447723389,7.5890583992004395,8.878686904907227,0.39810648560523987,4.381834030151367,0.7853866219520569,5.778078079223633
v2_auto1_n80_top12_s26,35,2478.470947265625,1617.593505859375,3261.0904541015625,4.368220329284668,7.414224147796631,8.623210906982422,0.3966705799102783,4.459515571594238,0.7054144740104675,5.743502616882324
v2_auto1_n80_top12_s26,36,2600.802001953125,1717.747314453125,3401.3004150390625,4.295622825622559,7.169709205627441,8.280991554260254,0.3921227753162384,4.505801677703857,0.6333289742469788,5.7212042808532715
v2_auto1_n80_top12_s26,37,2726.08056640625,1822.252197265625,3542.8450927734375,4.225362777709961,6.8672943115234375,7.8929338455200195,0.385772168636322,4.508360862731934,0.5752713084220886,5.658495903015137
v2_auto1_n80_top12_s26,38,2854.221923828125,1931.091064453125,3685.7650146484375,4.124027252197266,6.553289413452148,7.449218273162842,0.37263017892837524,4.47747278213501,0.5289377570152283,5.544272422790527
v2_auto1_n80_top12_s26,39,2985.19189453125,2044.230224609375,3830.7080078125,3.9859673976898193,6.2347917556762695,7.040066719055176,0.357174813747406,4.404909610748291,0.49145573377609253,5.3466997146606445
v2_auto1_n80_top12_s26,40,3118.968017578125,2161.623779296875,3977.78759765625,3.86246657371521,5.773144721984863,6.611428260803223,0.3386589586734772,4.2621307373046875,0.4541163146495819,5.080585479736328
v2_auto1_n80_top12_s26,41,3255.841796875,2283.214599609375,4126.49169921875,3.7929351329803467,5.4505815505981445,6.068666934967041,0.3144642412662506,4.050558090209961,0.4134480059146881,4.771109580993652
v2_auto1_n80_top12_s26,42,3394.9930419921875,2408.937255859375,4276.88916015625,3.77919864654541,5.629326820373535,6.514642715454102,0.28807151317596436,3.773026943206787,0.38235554099082947,4.492977142333984
v2_auto1_n80_top12_s26,43,3537.3450927734375,2538.718994140625,4429.05517578125,3.82794189453125,6.436380863189697,7.330188274383545,0.2808975577354431,3.850726842880249,0.3637227714061737,4.90435791015625
v2_auto1_n80_top12_s26,44,3682.7078857421875,2672.481689453125,4583.0634765625,3.962264060974121,7.263366222381592,8.10785961151123,0.27958032488822937,4.220923900604248,0.3605213761329651,5.325564861297607
v2_auto1_n80_top12_s26,45,3830.822265625,2810.10107421875,4738.99072265625,4.093179225921631,7.628273010253906,8.332075119018555,0.275736540555954,4.604817867279053,0.364336758852005,5.7611403465271
v2_auto1_n80_top12_s26,46,3981.8448486328125,2951.4462890625,4896.908203125,4.205812931060791,7.786787509918213,8.639800071716309,0.278422474861145,4.995331287384033,0.36228933930397034,6.18968391418457
v2_auto1_n80_top12_s26,47,4135.6910400390625,3096.51806640625,5056.88916015625,4.376890659332275,8.167186737060547,9.341792106628418,0.2805423140525818,5.366772174835205,0.359420508146286,6.570873260498047
v2_auto1_n80_top12_s26,48,4292.8282470703125,3245.23046875,5219.0,4.633263111114502,9.042149543762207,10.466283798217773,0.27730628848075867,5.703200340270996,0.35367241501808167,6.909046173095703
v2_auto1_n80_top12_s26,49,4451.8165283203125,3397.49853515625,5383.30126953125,4.993161678314209,9.782974243164062,11.166351318359375,0.27360251545906067,6.000014305114746,0.33862966299057007,7.191179275512695
v2_auto1_n80_top12_s26,50,4614.396240234375,3553.24072265625,5549.849609375,5.323737144470215,10.366268157958984,11.139527320861816,0.2724872827529907,6.236415386199951,0.33647918701171875,7.383508682250977
v2_auto1_n80_top12_s26,51,4779.598388671875,3712.375,5718.6943359375,5.464903354644775,10.278998374938965,10.905461311340332,0.2775833010673523,6.386621952056885,0.34319162368774414,7.462155818939209
v2_auto1_n80_top12_s26,52,4947.859375,3874.822265625,5889.8779296875,5.380586624145508,9.938916206359863,10.61667251586914,0.3025685250759125,6.426258087158203,0.3664068877696991,7.397918224334717
v2_auto1_n80_top12_s26,53,5118.823486328125,4040.50537109375,6063.43408203125,5.19412899017334,9.530923843383789,10.540839195251465,0.3251202702522278,6.325728893280029,0.38431575894355774,7.157208442687988
v2_auto1_n80_top12_s26,54,5291.8690185546875,4209.34912109375,6239.3916015625,4.977026462554932,8.946393013000488,10.392969131469727,0.3437151610851288,6.076770305633545,0.4012306332588196,6.758853912353516
v2_auto1_n80_top12_s26,55,5468.564697265625,4381.28271484375,6417.7705078125,4.81709623336792,8.703258514404297,9.995736122131348,0.35277190804481506,5.6853532791137695,0.4013766944408417,6.201967716217041
v2_auto1_n80_top12_s26,56,5647.273681640625,4556.23388671875,6598.5830078125,4.6738996505737305,8.682415962219238,9.48779296875,0.35002896189689636,5.1779255867004395,0.39863520860671997,5.5508599281311035
v2_auto1_n80_top12_s26,57,5829.2098388671875,4734.13427734375,6781.833984375,4.544131278991699,8.654580116271973,9.608332633972168,0.35457906126976013,4.602020740509033,0.4042210578918457,4.851078033447266
v2_auto1_n80_top12_s26,58,6013.80615234375,4914.916015625,6967.5224609375,4.443122386932373,8.371706008911133,9.465338706970215,0.3633350431919098,4.003054618835449,0.4181554913520813,4.161034107208252
v2_auto1_n80_top12_s26,59,6200.3133544921875,5098.51318359375,7155.63916015625,4.42180061340332,7.8722405433654785,9.728745460510254,0.37824320793151855,3.437896490097046,0.43148595094680786,3.549767017364502
v2_auto1_n80_top12_s26,60,6389.5106201171875,5284.85791015625,7346.16845703125,4.4464921951293945,7.529473781585693,10.017895698547363,0.3908158242702484,2.945373773574829,0.4415353238582611,3.033782720565796
v2_auto1_n80_top12_s26,61,6581.796630859375,5473.88525390625,7539.08837890625,4.486431121826172,7.537119388580322,10.162186622619629,0.39917948842048645,2.5016238689422607,0.46132171154022217,2.5413312911987305
v2_auto1_n80_top12_s26,62,6775.7196044921875,5665.53076171875,7734.37255859375,4.464853286743164,7.670822620391846,9.868688583374023,0.42141154408454895,2.0835561752319336,0.47955334186553955,2.2595479488372803
v2_auto1_n80_top12_s26,63,6972.0274658203125,5859.72607421875,7931.98779296875,4.4807634353637695,7.6270012855529785,9.537027359008789,0.4355764091014862,2.047417640686035,0.48829424381256104,2.2484500408172607
v2_auto1_n80_top12_s26,64,7171.5384521484375,6056.40478515625,8131.89501953125,4.502146244049072,7.462166786193848,9.39196491241455,0.4495614767074585,2.0285143852233887,0.5045465230941772,2.250065326690674
v2_auto1_n80_top12_s26,65,7373.134033203125,6255.49755859375,8334.04833984375,4.431058406829834,7.4914326667785645,9.932127952575684,0.4662632644176483,2.0014610290527344,0.5210541486740112,2.1140458583831787
v2_auto1_n80_top12_s26,66,7576.8504638671875,6456.93505859375,8538.40283203125,4.538725852966309,7.953980922698975,10.267931938171387,0.47154510021209717,1.775423526763916,0.5122882723808289,1.7660319805145264
v2_auto1_n80_top12_s26,67,7782.826904296875,6660.64599609375,8744.90283203125,4.922975063323975,8.652186393737793,10.428694725036621,0.453465074300766,1.4179354906082153,0.479432612657547,1.315743088722229
v2_auto1_n80_top12_s26,68,7991.05615234375,6866.55322265625,8953.49169921875,5.582927227020264,8.889042854309082,11.208763122558594,0.4140140116214752,1.0204885005950928,0.427525132894516,0.8981025218963623
v2_auto1_n80_top12_s26,69,8201.38818359375,7074.58544921875,9164.10791015625,6.1611008644104,9.187309265136719,11.203482627868652,0.3764400780200958,0.654304027557373,0.39467915892601013,0.653365433216095
v2_auto1_n80_top12_s26,70,8413.714721679688,7284.66064453125,9376.68505859375,6.736298561096191,9.832568168640137,11.446826934814453,0.35227906703948975,0.6290581226348877,0.3838694989681244,0.6962716579437256
v2_auto1_n80_top12_s26,71,8627.885620117188,7496.69873046875,9591.15478515625,7.0144453048706055,9.748825073242188,12.27424144744873,0.34853607416152954,0.6281121373176575,0.37932002544403076,0.6478743553161621
v2_auto1_n80_top12_s26,72,8843.887573242188,7710.61376953125,9807.44189453125,7.2465925216674805,9.9837007522583,12.446223258972168,0.342134952545166,0.5760151147842407,0.36784082651138306,0.596164882183075
v2_auto1_n80_top12_s26,73,9061.643432617188,7926.31884765625,10025.46923828125,7.511479377746582,10.382814407348633,14.079865455627441,0.3096352219581604,0.53049236536026,0.31430676579475403,0.5360649824142456
v2_auto1_n80_top12_s26,74,9280.851440429688,8143.72216796875,10245.15576171875,7.995229244232178,10.54105281829834,13.200669288635254,0.27102869749069214,0.46035027503967285,0.2760293483734131,0.4662918448448181
v2_auto1_n80_top12_s26,75,9501.10693359375,8362.72900390625,10466.41455078125,8.596484184265137,11.1967191696167,14.426995277404785,0.22754177451133728,0.42614293098449707,0.22655737400054932,0.4388379752635956
v2_auto1_n80_top12_s26,76,9723.364990234375,8583.24072265625,10689.15869140625,9.129786491394043,12.275412559509277,15.350677490234375,0.18076638877391815,0.38330844044685364,0.18217243254184723,0.4127703905105591
v2_auto1_n80_top12_s26,77,9947.356689453125,8805.15380859375,10913.29443359375,9.42478084564209,13.022680282592773,14.723578453063965,0.15593069791793823,0.39528048038482666,0.16234667599201202,0.43041399121284485
v2_auto1_n80_top12_s26,78,10172.230590820312,9028.35888671875,11138.72119140625,9.809078216552734,13.675973892211914,15.663326263427734,0.11581766605377197,0.4155503213405609,0.0973392054438591,0.4597988724708557
v2_auto1_n80_top12_s26,79,10398.061157226562,9252.74658203125,11365.34033203125,9.592376708984375,13.459517478942871,15.365406036376953,0.060345303267240524,0.42749613523483276,0.05286513268947601,0.42793983221054077
v3_auto1_n60_top10_s26,0,9.6051025390625,8.584716796875,10.5667724609375,1.606459379196167,3.2164549827575684,7.224914073944092,1.1968532800674438,2.7131450176239014,0.09565295279026031,0.31606167554855347
v3_auto1_n60_top10_s26,1,31.0220947265625,25.9189453125,35.83050537109375,1.7619695663452148,3.7960596084594727,8.494458198547363,1.3087613582611084,3.132366180419922,0.19389788806438446,0.7158113718032837
v3_auto1_n60_top10_s26,2,57.3480224609375,45.437744140625,68.56884765625,1.7696938514709473,4.004684925079346,8.929635047912598,1.3028818368911743,3.1959893703460693,0.31430622935295105,1.138414740562439
v3_auto1_n60_top10_s26,3,88.4293212890625,66.7646484375,108.83428955078125,1.7653677463531494,4.134435653686523,9.22752857208252,1.2669742107391357,3.157228469848633,0.4453122615814209,1.551079273223877
v3_auto1_n60_top10_s26,4,124.104248046875,89.513671875,156.67279052734375,1.7723106145858765,4.229909896850586,9.610356330871582,1.208866834640503,3.047659397125244,0.5792685747146606,1.9272944927215576
v3_auto1_n60_top10_s26,5,164.21875,113.3583984375,212.08709716796875,1.7892823219299316,4.304080486297607,9.812119483947754,1.1501293182373047,2.9071202278137207,0.715909481048584,2.244471788406372
v3_auto1_n60_top10_s26,6,208.634521484375,138.0458984375,275.035400390625,1.7998881340026855,4.326252460479736,9.842921257019043,1.1016275882720947,2.758821964263916,0.8569661974906921,2.5297179222106934
v3_auto1_n60_top10_s26,7,257.225341796875,163.408203125,345.4205322265625,1.8242542743682861,4.332574367523193,9.757599830627441,1.0544524192810059,2.619891405105591,0.9991585612297058,2.7736165523529053
v3_auto1_n60_top10_s26,8,309.8489990234375,189.361083984375,423.09149169921875,1.8637381792068481,4.327606201171875,9.49484920501709,1.0187510251998901,2.5287208557128906,1.1292787790298462,2.9669923782348633
v3_auto1_n60_top10_s26,9,366.4683837890625,215.9111328125,507.8411865234375,1.920356273651123,4.317114353179932,9.152896881103516,0.9989323616027832,2.4380180835723877,1.2559319734573364,3.100663423538208
v3_auto1_n60_top10_s26,10,426.98486328125,243.151611328125,599.406005859375,1.98875093460083,4.349339962005615,8.733531951904297,0.9893757700920105,2.4025580883026123,1.3697893619537354,3.231055498123169
v3_auto1_n60_top10_s26,11,491.305908203125,271.2587890625,697.4737548828125,2.061894416809082,4.4011759757995605,8.284008026123047,0.9879502058029175,2.488992691040039,1.4675863981246948,3.6066176891326904
v3_auto1_n60_top10_s26,12,559.3994140625,300.487548828125,801.6834716796875,2.1427881717681885,4.478248596191406,7.836413383483887,0.9859374761581421,2.5454018115997314,1.5456360578536987,3.959566831588745
v3_auto1_n60_top10_s26,13,631.2041015625,331.16259765625,911.637939453125,2.238538980484009,4.572063446044922,7.4278035163879395,0.9848327040672302,2.5756630897521973,1.612609624862671,4.281020164489746
v3_auto1_n60_top10_s26,14,706.6077880859375,363.669189453125,1026.9071044921875,2.3537166118621826,4.665821552276611,7.325995445251465,0.9750900864601135,2.615558385848999,1.6559314727783203,4.565207004547119
v3_auto1_n60_top10_s26,15,785.8026123046875,398.43994140625,1147.0433349609375,2.4880642890930176,4.730249404907227,7.501092433929443,0.9564364552497864,2.6751935482025146,1.674088954925537,4.841672420501709
v3_auto1_n60_top10_s26,16,868.6947021484375,435.943603515625,1271.5870361328125,2.641690731048584,4.783136367797852,7.6388044357299805,0.9287838339805603,2.8486809730529785,1.6663175821304321,5.079677581787109
v3_auto1_n60_top10_s26,17,955.096923828125,476.668701171875,1400.0833740234375,2.8050737380981445,4.847616195678711,7.779691219329834,0.8993574380874634,3.0163304805755615,1.6323155164718628,5.281891822814941
v3_auto1_n60_top10_s26,18,1045.431396484375,521.112548828125,1532.0911865234375,2.974111318588257,4.962133407592773,7.9245285987854,0.8663482069969177,3.176011085510254,1.581063151359558,5.445951461791992
v3_auto1_n60_top10_s26,19,1139.522216796875,569.765869140625,1667.1929931640625,3.1443862915039062,5.162163734436035,8.074300765991211,0.8295125365257263,3.3279240131378174,1.498946189880371,5.570624828338623
v3_auto1_n60_top10_s26,20,1237.0411376953125,623.09765625,1805.0091552734375,3.3164634704589844,5.4351091384887695,8.197919845581055,0.7835248708724976,3.476320505142212,1.4035738706588745,5.660007476806641
v3_auto1_n60_top10_s26,21,1338.6900634765625,681.547607421875,1945.2022705078125,3.4942262172698975,5.760574817657471,8.336688041687012,0.7432073354721069,3.610820770263672,1.3037199974060059,5.74904727935791
v3_auto1_n60_top10_s26,22,1444.101318359375,745.513427734375,2087.4881591796875,3.681431531906128,6.102923393249512,8.486532211303711,0.6988655924797058,3.739713430404663,1.2037928104400635,5.8345232009887695
v3_auto1_n60_top10_s26,23,1552.983154296875,815.34326171875,2231.6390380859375,3.8761327266693115,6.442477703094482,8.638696670532227,0.6444573402404785,3.860961437225342,1.1004478931427002,5.889961242675781
v3_auto1_n60_top10_s26,24,1666.412353515625,891.331298828125,2377.4881591796875,4.066294193267822,6.791532039642334,8.788471221923828,0.5864884853363037,3.9688851833343506,1.008141279220581,5.9192304611206055
v3_auto1_n60_top10_s26,25,1784.1817626953125,973.714111328125,2524.9283447265625,4.247931480407715,7.134505271911621,8.961650848388672,0.5423380732536316,4.064215183258057,0.9130687713623047,5.927862167358398
v3_auto1_n60_top10_s26,26,1906.2056884765625,1062.668212890625,2673.9129638671875,4.399554252624512,7.416391849517822,9.109347343444824,0.5064072608947754,4.1506218910217285,0.8132697939872742,5.926080226898193
v3_auto1_n60_top10_s26,27,2031.674560546875,1158.315673828125,2824.4537353515625,4.5062103271484375,7.6523118019104,9.171929359436035,0.47543519735336304,4.230917930603027,0.7155339121818542,5.915207386016846
v3_auto1_n60_top10_s26,28,2161.90576171875,1260.72119140625,2976.6121826171875,4.538565635681152,7.752357006072998,9.115311622619629,0.44045236706733704,4.29885196685791,0.6435040831565857,5.883770942687988
v3_auto1_n60_top10_s26,29,2296.411865234375,1369.903076171875,3130.4984130859375,4.487214088439941,7.683940410614014,8.97348690032959,0.4133283197879791,4.339996337890625,0.5780940055847168,5.807936191558838
v3_auto1_n60_top10_s26,30,2434.962646484375,1485.834228515625,3287.466552734375,4.393589973449707,7.497348785400391,8.7327241897583,0.3960830867290497,4.410464286804199,0.5269788503646851,5.7759318351745605
v3_auto1_n60_top10_s26,31,2578.3876953125,1608.451904296875,3446.97607421875,4.301838397979736,7.220005989074707,8.319110870361328,0.3965602219104767,4.490317344665527,0.5013828277587891,5.7687859535217285
v3_auto1_n60_top10_s26,32,2725.4627685546875,1737.662353515625,3608.845703125,4.223169803619385,6.871240615844727,7.851848602294922,0.388522207736969,4.50416898727417,0.48062437772750854,5.6761603355407715
v3_auto1_n60_top10_s26,33,2877.6551513671875,1873.350830078125,3773.27734375,4.102043151855469,6.499721050262451,7.196439743041992,0.3700396716594696,4.449944019317627,0.4627744257450104,5.485410690307617
v3_auto1_n60_top10_s26,34,3033.7490234375,2015.3701171875,3940.47900390625,3.9383668899536133,6.0509538650512695,6.790950298309326,0.35503074526786804,4.337077617645264,0.4421232044696808,5.204692363739014
v3_auto1_n60_top10_s26,35,3194.7071533203125,2163.43408203125,4110.65966796875,3.8182449340820312,5.5095720291137695,6.0862836837768555,0.3299010694026947,4.123908519744873,0.4015732705593109,4.8541059494018555
v3_auto1_n60_top10_s26,36,3360.5401611328125,2317.5498046875,4284.02392578125,3.777869701385498,5.482047080993652,6.356380939483643,0.3025951087474823,3.8151044845581055,0.36143845319747925,4.388410568237305
v3_auto1_n60_top10_s26,37,3530.55908203125,2477.56884765625,4460.7626953125,3.8227057456970215,6.377570629119873,7.235140323638916,0.28853684663772583,3.7809300422668457,0.3473503291606903,4.876386642456055
v3_auto1_n60_top10_s26,38,3705.2098388671875,2643.34716796875,4641.05517578125,3.9805147647857666,7.358760833740234,8.102226257324219,0.2901013493537903,4.2267374992370605,0.3525640368461609,5.379319190979004
v3_auto1_n60_top10_s26,39,3884.672119140625,2814.7451171875,4825.0615234375,4.129051685333252,7.684807300567627,8.405838012695312,0.28936484456062317,4.691008567810059,0.3557416498661041,5.897718906402588
v3_auto1_n60_top10_s26,40,4068.8228759765625,2991.62890625,5012.92138671875,4.288818836212158,7.931813716888428,8.766079902648926,0.2922605872154236,5.155797958374023,0.3538088798522949,6.387106895446777
v3_auto1_n60_top10_s26,41,4256.8743896484375,3173.87109375,5204.7548828125,4.560583114624023,8.821728706359863,10.052957534790039,0.29042309522628784,5.583107948303223,0.3512081503868103,6.803049564361572
v3_auto1_n60_top10_s26,42,4450.475341796875,3361.34912109375,5400.65673828125,4.982936859130859,9.733833312988281,11.0653076171875,0.2896430492401123,5.950953960418701,0.3425098657608032,7.142383575439453
v3_auto1_n60_top10_s26,43,4648.29052734375,3553.94970703125,5600.7021484375,5.373182773590088,10.398845672607422,11.128209114074707,0.287605345249176,6.2347941398620605,0.3372533917427063,7.355737209320068
v3_auto1_n60_top10_s26,44,4850.68701171875,3751.55908203125,5804.94189453125,5.452934741973877,10.137911796569824,10.791581153869629,0.28587907552719116,6.385043144226074,0.34514641761779785,7.383046627044678
v3_auto1_n60_top10_s26,45,5057.04833984375,3954.06982421875,6013.40576171875,5.270242214202881,9.722538948059082,10.47563648223877,0.31659066677093506,6.350890636444092,0.37115442752838135,7.175371170043945
v3_auto1_n60_top10_s26,46,5268.949951171875,4161.37451171875,6226.1025390625,5.010483741760254,9.03632926940918,10.396921157836914,0.3379747271537781,6.103726387023926,0.3864540159702301,6.72560453414917
v3_auto1_n60_top10_s26,47,5483.9903564453125,4373.365234375,6443.02197265625,4.808136463165283,8.697566986083984,9.943513870239258,0.34089186787605286,5.639458179473877,0.3812679052352905,6.040449619293213
v3_auto1_n60_top10_s26,48,5703.9329833984375,4589.93359375,6664.13525390625,4.631166934967041,8.678278923034668,9.437601089477539,0.3354314863681793,5.003812789916992,0.3714222311973572,5.2230095863342285
v3_auto1_n60_top10_s26,49,5928.546142578125,4810.96435546875,6889.39306640625,4.4872331619262695,8.499702453613281,9.414040565490723,0.3320039212703705,4.283679962158203,0.374636173248291,4.369191646575928
v3_auto1_n60_top10_s26,50,6157.0467529296875,5036.33984375,7118.73291015625,4.416918754577637,8.021286964416504,9.670933723449707,0.3359163701534271,3.5683183670043945,0.379307359457016,3.5832455158233643
v3_auto1_n60_top10_s26,51,6389.7109375,5265.93359375,7352.07373046875,4.446016788482666,7.544833660125732,10.021194458007812,0.3435094356536865,2.941110372543335,0.3868453800678253,2.943763494491577
v3_auto1_n60_top10_s26,52,6626.57763671875,5499.60986328125,7589.3173828125,4.481347560882568,7.541610240936279,10.091316223144531,0.34906625747680664,2.391714096069336,0.38938549160957336,2.354809284210205
v3_auto1_n60_top10_s26,53,6867.2459716796875,5737.22412109375,7830.35400390625,4.472789764404297,7.726772308349609,9.722662925720215,0.35497528314590454,1.9887304306030273,0.40171223878860474,2.209563970565796
v3_auto1_n60_top10_s26,54,7111.5496826171875,5978.62158203125,8075.05712890625,4.531811714172363,7.510483741760254,9.296197891235352,0.35583847761154175,2.0765976905822754,0.386092871427536,2.347940683364868
v3_auto1_n60_top10_s26,55,7359.3983154296875,6223.63134765625,8323.28369140625,4.427359580993652,7.4420905113220215,9.89069938659668,0.34669986367225647,2.091731071472168,0.37425169348716736,2.2111964225769043
v3_auto1_n60_top10_s26,56,7609.54833984375,6472.06982421875,8574.87451171875,4.571835517883301,8.085930824279785,10.311717987060547,0.3266211748123169,1.8084161281585693,0.34042027592658997,1.7360069751739502
v3_auto1_n60_top10_s26,57,7863.864013671875,6723.73876953125,8829.65869140625,5.145144939422607,8.720795631408691,10.745706558227539,0.28499701619148254,1.3350766897201538,0.28251585364341736,1.1670387983322144
v3_auto1_n60_top10_s26,58,8121.541259765625,6978.41845703125,9087.44189453125,5.932147979736328,9.051170349121094,11.219257354736328,0.21460947394371033,0.8178595900535583,0.18911020457744598,0.6113069653511047
v3_auto1_n60_top10_s26,59,8380.925415039062,7235.87060546875,9348.01513671875,6.7082953453063965,9.901342391967773,11.889313697814941,0.08971154689788818,0.3138903081417084,0.04241582378745079,0.3380248546600342
v4_auto1_n70_top14_s26,0,9.7490234375,9.1005859375,10.360107421875,1.6040765047073364,3.207101345062256,7.15268611907959,1.1973390579223633,2.719245195388794,0.09280606359243393,0.3029572069644928
v4_auto1_n70_top14_s26,1,31.74365234375,28.5,34.80010986328125,1.7636747360229492,3.801571846008301,8.445008277893066,1.311710238456726,3.1549689769744873,0.18802040815353394,0.6878111362457275
v4_auto1_n70_top14_s26,2,59.0430908203125,51.463623046875,66.18414306640625,1.7685071229934692,4.003785610198975,8.888129234313965,1.3048871755599976,3.214529514312744,0.30370813608169556,1.0950382947921753
v4_auto1_n70_top14_s26,3,91.544677734375,77.7275390625,104.56097412109375,1.7646158933639526,4.132622718811035,9.204424858093262,1.2673152685165405,3.1712522506713867,0.4276946783065796,1.4930952787399292
v4_auto1_n70_top14_s26,4,129.140625,107.01708984375,149.9776611328125,1.7751245498657227,4.238821029663086,9.582104682922363,1.2082933187484741,3.054168462753296,0.552828848361969,1.8564189672470093
v4_auto1_n70_top14_s26,5,171.724365234375,139.074951171875,202.4669189453125,1.7954833507537842,4.315199851989746,9.779656410217285,1.1480761766433716,2.9063873291015625,0.6785084009170532,2.1654415130615234
v4_auto1_n70_top14_s26,6,219.1971435546875,173.684326171875,262.038330078125,1.8119512796401978,4.341643810272217,9.828673362731934,1.0945016145706177,2.7532618045806885,0.8073927164077759,2.448439836502075
v4_auto1_n70_top14_s26,7,271.466064453125,210.662841796875,328.6771240234375,1.8461558818817139,4.3554792404174805,9.749617576599121,1.0503361225128174,2.6100924015045166,0.935933530330658,2.6942429542541504
v4_auto1_n70_top14_s26,8,328.4462890625,249.872314453125,402.3427734375,1.89582097530365,4.363490104675293,9.528809547424316,1.0138318538665771,2.523373603820801,1.0573753118515015,2.892531394958496
v4_auto1_n70_top14_s26,9,390.056396484375,291.218994140625,482.9658203125,1.9628649950027466,4.369460582733154,9.206684112548828,1.0033525228500366,2.4211034774780273,1.1726231575012207,3.028096914291382
v4_auto1_n70_top14_s26,10,456.2061767578125,334.652099609375,570.4476318359375,2.041487693786621,4.42842435836792,8.794391632080078,1.0028619766235352,2.3802380561828613,1.271513819694519,3.085831642150879
v4_auto1_n70_top14_s26,11,526.8812255859375,380.168212890625,664.6617431640625,2.12642765045166,4.5147929191589355,8.347090721130371,1.0023739337921143,2.4742143154144287,1.359559178352356,3.3369908332824707
v4_auto1_n70_top14_s26,12,602.0091552734375,427.805908203125,765.4532470703125,2.218830108642578,4.610402584075928,7.906042098999023,1.006093144416809,2.5361263751983643,1.4353132247924805,3.6620254516601562
v4_auto1_n70_top14_s26,13,681.5418701171875,477.650146484375,872.6395263671875,2.325105905532837,4.712888717651367,7.665894031524658,1.0010255575180054,2.5709075927734375,1.4960153102874756,3.978487491607666
v4_auto1_n70_top14_s26,14,765.3978271484375,529.827880859375,986.01220703125,2.4507336616516113,4.790688991546631,7.836406230926514,0.9754605293273926,2.7246012687683105,1.5343388319015503,4.2876296043396
v4_auto1_n70_top14_s26,15,853.599609375,584.50390625,1105.3399658203125,2.5967979431152344,4.8574724197387695,8.000680923461914,0.936186671257019,2.9109151363372803,1.5554249286651611,4.564590930938721
v4_auto1_n70_top14_s26,16,946.084228515625,641.878662109375,1230.3734130859375,2.7631194591522217,4.947742462158203,8.174076080322266,0.8928036689758301,3.0935494899749756,1.5621337890625,4.817506790161133
v4_auto1_n70_top14_s26,17,1042.7445068359375,702.183837890625,1360.84765625,2.942753314971924,5.105974197387695,8.312309265136719,0.8398650884628296,3.261514902114868,1.5559253692626953,5.03367280960083
v4_auto1_n70_top14_s26,18,1143.7718505859375,765.6767578125,1496.4842529296875,3.132225751876831,5.354145050048828,8.460870742797852,0.7861462831497192,3.4281692504882812,1.553601622581482,5.219881534576416
v4_auto1_n70_top14_s26,19,1249.052734375,832.634765625,1637.0015869140625,3.32536244392395,5.654442310333252,8.553675651550293,0.7368791699409485,3.5762994289398193,1.547182321548462,5.369162082672119
v4_auto1_n70_top14_s26,20,1358.6263427734375,903.350341796875,1782.1148681640625,3.5158753395080566,5.973500728607178,8.653985977172852,0.682153582572937,3.714776039123535,1.5341382026672363,5.521814823150635
v4_auto1_n70_top14_s26,21,1472.24755859375,978.122314453125,1931.5433349609375,3.713320732116699,6.312918663024902,8.749897003173828,0.6338544487953186,3.8449060916900635,1.512261152267456,5.649693012237549
v4_auto1_n70_top14_s26,22,1590.290771484375,1057.251708984375,2085.0167236328125,3.910125255584717,6.652426719665527,8.86609172821045,0.5858116745948792,3.959123373031616,1.481755256652832,5.743289947509766
v4_auto1_n70_top14_s26,23,1712.810791015625,1141.036865234375,2242.2779541015625,4.101719379425049,6.979248046875,9.046974182128906,0.5344707369804382,4.0598344802856445,1.443364143371582,5.808879852294922
v4_auto1_n70_top14_s26,24,1839.1788330078125,1229.763427734375,2403.0882568359375,4.276373386383057,7.271737098693848,9.143879890441895,0.4883979260921478,4.150398254394531,1.3944164514541626,5.851051330566406
v4_auto1_n70_top14_s26,25,1970.214599609375,1323.7041015625,2567.2322998046875,4.412789821624756,7.495728492736816,9.155881881713867,0.46989279985427856,4.23350191116333,1.3270026445388794,5.873060703277588
v4_auto1_n70_top14_s26,26,2105.5760498046875,1423.109130859375,2734.5206298828125,4.490689277648926,7.6577959060668945,9.061782836914062,0.44853463768959045,4.3029866218566895,1.2393592596054077,5.864212512969971
v4_auto1_n70_top14_s26,27,2244.970947265625,1528.206787109375,2904.7928466796875,4.4875383377075195,7.680336952209473,9.008798599243164,0.420856773853302,4.343949317932129,1.1376641988754272,5.798973560333252
v4_auto1_n70_top14_s26,28,2388.7470703125,1639.197021484375,3077.9212646484375,4.425266265869141,7.5461859703063965,8.868451118469238,0.4016498923301697,4.409537315368652,1.0235366821289062,5.679141044616699
v4_auto1_n70_top14_s26,29,2537.48779296875,1756.252197265625,3253.8074951171875,4.339200496673584,7.318998336791992,8.548227310180664,0.39341214299201965,4.480035305023193,0.9056817889213562,5.634668350219727
v4_auto1_n70_top14_s26,30,2690.8902587890625,1879.511962890625,3432.3878173828125,4.2488484382629395,6.958388805389404,8.131993293762207,0.38611409068107605,4.481549263000488,0.7938330173492432,5.580894947052002
v4_auto1_n70_top14_s26,31,2848.9141845703125,2009.087158203125,3613.6297607421875,4.127556324005127,6.574629783630371,7.622719764709473,0.37423479557037354,4.457831382751465,0.6916879415512085,5.481438159942627
v4_auto1_n70_top14_s26,32,3010.89794921875,2145.057861328125,3797.5330810546875,3.9599196910858154,6.183868408203125,7.084955215454102,0.35875552892684937,4.365355968475342,0.6049996018409729,5.255574703216553
v4_auto1_n70_top14_s26,33,3177.846923828125,2287.473876953125,3984.1224365234375,3.826812505722046,5.655858039855957,6.5749311447143555,0.33168864250183105,4.164034843444824,0.529482364654541,4.914036273956299
v4_auto1_n70_top14_s26,34,3349.5018310546875,2436.359619140625,4173.4539794921875,3.781027317047119,5.490964889526367,6.485426425933838,0.2988252639770508,3.860340118408203,0.4886980354785919,4.481683731079102
v4_auto1_n70_top14_s26,35,3525.835693359375,2591.713134765625,4365.72802734375,3.8241372108459473,6.372014999389648,7.3917083740234375,0.282195121049881,3.862927198410034,0.46259838342666626,4.928229331970215
v4_auto1_n70_top14_s26,36,3706.5916748046875,2753.511474609375,4562.17626953125,3.986605644226074,7.359789848327637,8.125100135803223,0.279089093208313,4.3237223625183105,0.4455806314945221,5.456538200378418
v4_auto1_n70_top14_s26,37,3892.51513671875,2921.712646484375,4761.74169921875,4.140453338623047,7.704921245574951,8.3873291015625,0.27342551946640015,4.801664352416992,0.43694189190864563,5.995766639709473
v4_auto1_n70_top14_s26,38,4082.4803466796875,3096.257080078125,4964.53955078125,4.3126983642578125,7.9799089431762695,9.248960494995117,0.2812553644180298,5.269498825073242,0.42458680272102356,6.489014625549316
v4_auto1_n70_top14_s26,39,4277.6195068359375,3277.075439453125,5170.69580078125,4.606202125549316,9.013774871826172,10.629149436950684,0.27939677238464355,5.693235874176025,0.4180939197540283,6.913595199584961
v4_auto1_n70_top14_s26,40,4477.6749267578125,3464.087646484375,5380.34033203125,5.056088447570801,9.941967964172363,11.338099479675293,0.2735244929790497,6.053773880004883,0.39536407589912415,7.2506022453308105
v4_auto1_n70_top14_s26,41,4682.1995849609375,3657.1064453125,5593.60498046875,5.428155899047852,10.42110538482666,11.061311721801758,0.2753686010837555,6.313406944274902,0.3800526261329651,7.434251308441162
v4_auto1_n70_top14_s26,42,4891.6387939453125,3856.08935546875,5810.62060546875,5.425921440124512,10.036444664001465,10.737852096557617,0.2931566834449768,6.416894435882568,0.37821725010871887,7.406790256500244
v4_auto1_n70_top14_s26,43,5106.5318603515625,4060.9912109375,6031.513671875,5.204254150390625,9.560514450073242,10.567688941955566,0.324271559715271,6.311608791351318,0.3986693322658539,7.112465858459473
v4_auto1_n70_top14_s26,44,5325.46044921875,4271.720703125,6256.40673828125,4.936251163482666,8.84992790222168,10.385407447814941,0.34696024656295776,5.974894046783447,0.41117537021636963,6.563181400299072
v4_auto1_n70_top14_s26,45,5549.764892578125,4488.18701171875,6485.41162109375,4.753228664398193,8.671987533569336,9.775921821594238,0.35132530331611633,5.417680263519287,0.4000968337059021,5.779086589813232
v4_auto1_n70_top14_s26,46,5778.883056640625,4710.302734375,6718.6328125,4.573970317840576,8.668174743652344,9.52721881866455,0.34738126397132874,4.711479663848877,0.39862021803855896,4.906001091003418
v4_auto1_n70_top14_s26,47,6013.24755859375,4937.9814453125,6956.162109375,4.442427635192871,8.374746322631836,9.468330383300781,0.35139065980911255,3.9639475345611572,0.4065464735031128,4.045528888702393
v4_auto1_n70_top14_s26,48,6251.8826904296875,5171.14306640625,7198.08203125,4.431550979614258,7.73776388168335,9.815242767333984,0.36520564556121826,3.273860454559326,0.4236597418785095,3.318829298019409
v4_auto1_n70_top14_s26,49,6495.649169921875,5409.708984375,7444.4619140625,4.466900825500488,7.451936721801758,10.063996315002441,0.3785912096500397,2.674041271209717,0.431938111782074,2.6775307655334473
v4_auto1_n70_top14_s26,50,6744.268798828125,5653.60400390625,7695.35791015625,4.462100505828857,7.646645545959473,9.918951988220215,0.3882501721382141,2.12324595451355,0.4487434923648834,2.254847288131714
v4_auto1_n70_top14_s26,51,6998.1317138671875,5902.75537109375,7950.81396484375,4.487582683563232,7.585031032562256,9.496453285217285,0.40092232823371887,2.0247602462768555,0.45284414291381836,2.2262942790985107
v4_auto1_n70_top14_s26,52,7256.34130859375,6157.09521484375,8210.86474609375,4.445916175842285,7.444018363952637,9.60750961303711,0.4152318239212036,2.0161378383636475,0.4685044288635254,2.1871204376220703
v4_auto1_n70_top14_s26,53,7519.216796875,6416.55322265625,8475.52783203125,4.488812446594238,7.745506286621094,10.191146850585938,0.4171084761619568,1.8266795873641968,0.4539943039417267,1.8046698570251465
v4_auto1_n70_top14_s26,54,7787.784423828125,6681.06005859375,8744.81005859375,4.942107677459717,8.644464492797852,10.417353630065918,0.39519229531288147,1.3896751403808594,0.4219824969768524,1.2260410785675049
v4_auto1_n70_top14_s26,55,8060.3211669921875,6950.54931640625,9018.71240234375,5.79948091506958,8.96715259552002,11.265463829040527,0.358087420463562,0.8792651295661926,0.3837752938270569,0.6992095112800598
v4_auto1_n70_top14_s26,56,8337.256958007812,7224.95068359375,9297.21728515625,6.6287431716918945,9.873211860656738,11.399907112121582,0.31963616609573364,0.6222455501556396,0.3739526867866516,0.7169780135154724
v4_auto1_n70_top14_s26,57,8619.914306640625,7504.19091796875,9580.30029296875,7.006625652313232,9.72411060333252,12.222471237182617,0.32751184701919556,0.6419875025749207,0.3572542667388916,0.6514808535575867
v4_auto1_n70_top14_s26,58,8906.770751953125,7788.19482421875,9867.92529296875,7.312203884124756,10.035117149353027,12.458074569702148,0.3001144528388977,0.5720476508140564,0.31765732169151306,0.5645805597305298
v4_auto1_n70_top14_s26,59,9198.138061523438,8076.88525390625,10160.04931640625,7.790428161621094,10.495491027832031,12.255306243896484,0.264085590839386,0.4934985935688019,0.2707635462284088,0.48143598437309265
v4_auto1_n70_top14_s26,60,9494.23876953125,8370.17724609375,10456.61767578125,8.589664459228516,11.197242736816406,14.557756423950195,0.23127515614032745,0.4150676727294922,0.25883471965789795,0.4883498549461365
v4_auto1_n70_top14_s26,61,9794.83837890625,8667.98193359375,10757.56494140625,9.326053619384766,12.765181541442871,16.57403564453125,0.2222503125667572,0.4250410795211792,0.2915591597557068,0.4554276466369629
v4_auto1_n70_top14_s26,62,10099.771362304688,8970.20166015625,11062.81591796875,9.655567169189453,13.493395805358887,15.315500259399414,0.29265061020851135,0.43819257616996765,0.33542120456695557,0.5473995208740234
v4_auto1_n70_top14_s26,63,10408.812377929688,9276.73388671875,11372.28955078125,9.580031394958496,13.441258430480957,15.301836013793945,0.3060925602912903,0.4963281750679016,0.32525521516799927,0.5363914966583252
v4_auto1_n70_top14_s26,64,10722.151245117188,9587.46923828125,11685.89306640625,9.459975242614746,13.170841217041016,15.268952369689941,0.29543590545654297,0.49339568614959717,0.3157503008842468,0.5640720725059509
v4_auto1_n70_top14_s26,65,11039.372924804688,9902.28369140625,12003.52197265625,9.609577178955078,13.843965530395508,16.967226028442383,0.2891952097415924,0.48543813824653625,0.3171338140964508,0.5131513476371765
v4_auto1_n70_top14_s26,66,11359.76416015625,10221.04833984375,12325.06494140625,9.297680854797363,13.240727424621582,15.494532585144043,0.2921670079231262,0.48480498790740967,0.3274659216403961,0.5449355840682983
v4_auto1_n70_top14_s26,67,11684.402587890625,10543.62158203125,12650.39697265625,8.755017280578613,12.361099243164062,14.878692626953125,0.29051971435546875,0.4864969253540039,0.2944832444190979,0.5382354855537415
v4_auto1_n70_top14_s26,68,12013.395141601562,10869.84619140625,12979.38134765625,8.019548416137695,11.288435935974121,14.76176643371582,0.20720206201076508,0.5333466529846191,0.15642090141773224,0.5919978022575378
v4_auto1_n70_top14_s26,69,12344.710571289062,11199.55712890625,13311.87255859375,7.388128280639648,9.342062950134277,10.70065689086914,0.08895516395568848,0.5641976594924927,0.06782104820013046,0.5739735960960388
v5_auto4_n70_top12_s26,0,7.29052734375,6.7490234375,7.80078125,1.6063669919967651,3.2113475799560547,7.192575454711914,1.2035268545150757,2.7604873180389404,0.07070042192935944,0.2318863421678543
v5_auto4_n70_top12_s26,1,27.9478759765625,24.552978515625,31.14666748046875,1.7573089599609375,3.7736895084381104,8.453116416931152,1.310628890991211,3.1610889434814453,0.18046219646930695,0.6648103594779968
v5_auto4_n70_top12_s26,2,58.7467041015625,49.336669921875,67.61224365234375,1.7682135105133057,4.017261505126953,8.938763618469238,1.3065589666366577,3.2194299697875977,0.31871023774147034,1.1491403579711914
v5_auto4_n70_top12_s26,3,96.711181640625,78.047119140625,114.29156494140625,1.7624115943908691,4.153779029846191,9.314361572265625,1.2537055015563965,3.1493849754333496,0.46808716654777527,1.6167865991592407
v5_auto4_n70_top12_s26,4,140.5892333984375,109.40234375,169.955810546875,1.774066686630249,4.251791954040527,9.7022123336792,1.1843037605285645,3.0016613006591797,0.6145545840263367,2.025822162628174
v5_auto4_n70_top12_s26,5,189.617431640625,142.66259765625,233.814453125,1.7985880374908447,4.323964595794678,9.81716251373291,1.1231040954589844,2.8332581520080566,0.7624236345291138,2.3570573329925537
v5_auto4_n70_top12_s26,6,243.273681640625,177.374267578125,305.27142333984375,1.823099970817566,4.342841625213623,9.822196006774902,1.0686841011047363,2.6710917949676514,0.9086424708366394,2.6430904865264893
v5_auto4_n70_top12_s26,7,301.176513671875,213.268310546875,383.83062744140625,1.8661096096038818,4.348951816558838,9.608060836791992,1.0259902477264404,2.554070472717285,1.0479390621185303,2.8719162940979004
v5_auto4_n70_top12_s26,8,363.01123046875,250.203369140625,469.0516357421875,1.9281810522079468,4.345923900604248,9.290677070617676,1.0019134283065796,2.4560840129852295,1.1706079244613647,3.0341882705688477
v5_auto4_n70_top12_s26,9,428.5953369140625,288.141845703125,560.5252685546875,2.0031256675720215,4.37968111038208,8.870182037353516,0.9965207576751709,2.3595328330993652,1.279573678970337,3.114763021469116
v5_auto4_n70_top12_s26,10,497.7529296875,327.126220703125,657.8609619140625,2.0842995643615723,4.445669174194336,8.414094924926758,0.994637668132782,2.4633259773254395,1.3786312341690063,3.3767764568328857
v5_auto4_n70_top12_s26,11,570.3388671875,367.262451171875,760.6781005859375,2.1713693141937256,4.544889450073242,7.958003520965576,0.9964002370834351,2.5302481651306152,1.4625632762908936,3.7240984439849854
v5_auto4_n70_top12_s26,12,646.2044677734375,408.712158203125,868.6038818359375,2.2701401710510254,4.642738342285156,7.544961452484131,0.9962736368179321,2.5656931400299072,1.5256677865982056,4.0414323806762695
v5_auto4_n70_top12_s26,13,725.31884765625,451.683349609375,981.2720947265625,2.3866183757781982,4.728063106536865,7.6021623611450195,0.9829863905906677,2.6047725677490234,1.5699059963226318,4.346479892730713
v5_auto4_n70_top12_s26,14,807.58544921875,496.4140625,1098.3223876953125,2.520782947540283,4.79177188873291,7.733572006225586,0.9532939791679382,2.782773494720459,1.5927684307098389,4.631543159484863
v5_auto4_n70_top12_s26,15,892.8680419921875,543.1728515625,1219.404296875,2.674443483352661,4.845645427703857,7.903098106384277,0.9188064336776733,2.955806016921997,1.5918999910354614,4.88082218170166
v5_auto4_n70_top12_s26,16,981.3426513671875,592.242919921875,1344.1802978515625,2.83935546875,4.941281795501709,8.034116744995117,0.8811322450637817,3.1233632564544678,1.5738152265548706,5.10015869140625
v5_auto4_n70_top12_s26,17,1072.8939208984375,643.921875,1472.3250732421875,3.010760545730591,5.096004009246826,8.188955307006836,0.8373008966445923,3.277411699295044,1.5413609743118286,5.28067684173584
v5_auto4_n70_top12_s26,18,1167.412353515625,698.510009765625,1603.5323486328125,3.1848654747009277,5.334169387817383,8.31337833404541,0.7917012572288513,3.4300432205200195,1.502318024635315,5.430291175842285
v5_auto4_n70_top12_s26,19,1265.036865234375,756.30712890625,1737.5152587890625,3.359755039215088,5.61665678024292,8.444769859313965,0.7432747483253479,3.567368268966675,1.4552183151245117,5.544240474700928
v5_auto4_n70_top12_s26,20,1365.6884765625,817.603759765625,1874.0106201171875,3.534273386001587,5.918893337249756,8.530874252319336,0.6996848583221436,3.6936140060424805,1.4100534915924072,5.6639180183410645
v5_auto4_n70_top12_s26,21,1469.5189208984375,882.6787109375,2012.7825927734375,3.7162933349609375,6.240927219390869,8.655295372009277,0.6541282534599304,3.815727472305298,1.3609259128570557,5.767025947570801
v5_auto4_n70_top12_s26,22,1576.2479248046875,951.794189453125,2153.6239013671875,3.901017427444458,6.563947677612305,8.78252124786377,0.602294921875,3.9248619079589844,1.3016753196716309,5.839863300323486
v5_auto4_n70_top12_s26,23,1686.3118896484375,1025.1904296875,2296.3572998046875,4.079653263092041,6.883971691131592,8.916826248168945,0.5514421463012695,4.0212554931640625,1.2431528568267822,5.886574745178223
v5_auto4_n70_top12_s26,24,1799.455810546875,1103.084716796875,2440.8363037109375,4.246649742126465,7.1747236251831055,9.073456764221191,0.510736346244812,4.107504844665527,1.1727015972137451,5.915397644042969
v5_auto4_n70_top12_s26,25,1915.41162109375,1185.66845703125,2586.9488525390625,4.388095378875732,7.4186272621154785,9.15319538116455,0.4862229824066162,4.186689376831055,1.0973503589630127,5.928581714630127
v5_auto4_n70_top12_s26,26,2034.903564453125,1273.106689453125,2734.6126708984375,4.486006259918213,7.621397018432617,9.15329647064209,0.46627140045166016,4.258852005004883,1.0131042003631592,5.927946090698242
v5_auto4_n70_top12_s26,27,2157.9820556640625,1365.535888671875,2883.7806396484375,4.523062229156494,7.734630107879639,9.06103229522705,0.43716946244239807,4.3179707527160645,0.9208298921585083,5.901552677154541
v5_auto4_n70_top12_s26,28,2284.5948486328125,1463.064697265625,3034.4322509765625,4.484455108642578,7.682334899902344,8.97529411315918,0.40989023447036743,4.3511481285095215,0.8317636251449585,5.82957649230957
v5_auto4_n70_top12_s26,29,2414.416748046875,1565.775634765625,3186.5784912109375,4.408890247344971,7.51270055770874,8.771953582763672,0.39731231331825256,4.4235663414001465,0.7442275285720825,5.738498210906982
v5_auto4_n70_top12_s26,30,2547.302734375,1673.725830078125,3340.2562255859375,4.3247880935668945,7.290572643280029,8.434187889099121,0.39506322145462036,4.496359825134277,0.6602208614349365,5.738161563873291
v5_auto4_n70_top12_s26,31,2684.02783203125,1786.947021484375,3495.5267333984375,4.24830436706543,6.965790271759033,8.036049842834473,0.3869415521621704,4.5110273361206055,0.5908817052841187,5.679025173187256
v5_auto4_n70_top12_s26,32,2824.227294921875,1905.451416015625,3652.4735107421875,4.150721073150635,6.6211676597595215,7.5159783363342285,0.3736830949783325,4.493510723114014,0.5368562936782837,5.578630447387695
v5_auto4_n70_top12_s26,33,2967.93994140625,2029.229736328125,3811.63671875,4.004802227020264,6.285379886627197,7.068483829498291,0.3562431335449219,4.419369220733643,0.49330687522888184,5.369626998901367
v5_auto4_n70_top12_s26,34,3115.141357421875,2158.257568359375,3973.61865234375,3.865304470062256,5.786555290222168,6.627566814422607,0.3375178575515747,4.267167568206787,0.4518013298511505,5.0766730308532715
v5_auto4_n70_top12_s26,35,3266.20849609375,2292.495849609375,4137.703125,3.790159225463867,5.436438083648682,6.10846471786499,0.3101719617843628,4.032193660736084,0.40870198607444763,4.7283148765563965
v5_auto4_n70_top12_s26,36,3420.2200927734375,2431.891845703125,4304.01708984375,3.782323122024536,5.739170074462891,6.652665615081787,0.28460222482681274,3.720898151397705,0.37605422735214233,4.584690570831299
v5_auto4_n70_top12_s26,37,3578.5321044921875,2576.387939453125,4472.6953125,3.8607418537139893,6.700511455535889,7.578711986541748,0.2789263129234314,3.9527599811553955,0.3629559576511383,5.042205810546875
v5_auto4_n70_top12_s26,38,3740.4267578125,2725.915283203125,4643.87353515625,4.016329765319824,7.453910827636719,8.309422492980957,0.27760598063468933,4.367890357971191,0.36047065258026123,5.515897274017334
v5_auto4_n70_top12_s26,39,3905.9447021484375,2880.29541015625,4817.68603515625,4.147369384765625,7.71263313293457,8.37004566192627,0.27281415462493896,4.79725456237793,0.36199891567230225,5.99692964553833
v5_auto4_n70_top12_s26,40,4075.2027587890625,3039.52099609375,4994.2666015625,4.300925254821777,7.962198257446289,8.956180572509766,0.2789507508277893,5.220477104187012,0.3556029498577118,6.445136070251465
v5_auto4_n70_top12_s26,41,4248.8824462890625,3203.55224609375,5173.74169921875,4.550507545471191,8.791766166687012,10.14374828338623,0.27702653408050537,5.609147548675537,0.355156272649765,6.834005355834961
v5_auto4_n70_top12_s26,42,4425.66748046875,3372.31396484375,5356.2314453125,4.931439399719238,9.660836219787598,11.0912504196167,0.27296140789985657,5.948850631713867,0.3398352265357971,7.158792972564697
v5_auto4_n70_top12_s26,43,4606.546630859375,3545.7275390625,5541.845703125,5.309999465942383,10.345603942871094,11.166035652160645,0.27158790826797485,6.219383239746094,0.33653149008750916,7.379764556884766
v5_auto4_n70_top12_s26,44,4791.378662109375,3723.72021484375,5730.68505859375,5.462919235229492,10.255463600158691,10.884191513061523,0.2776545584201813,6.385194301605225,0.34673577547073364,7.457049369812012
v5_auto4_n70_top12_s26,45,4980.38330078125,3906.21533203125,5922.8369140625,5.346599578857422,9.875514030456543,10.5392427444458,0.30650657415390015,6.408907413482666,0.37233832478523254,7.348844051361084
v5_auto4_n70_top12_s26,46,5172.9036865234375,4093.138671875,6118.37548828125,5.126406192779541,9.352614402770996,10.47620677947998,0.3305085599422455,6.25360631942749,0.39323198795318604,7.018497943878174
v5_auto4_n70_top12_s26,47,5368.970458984375,4284.41650390625,6317.36328125,4.8989362716674805,8.797127723693848,10.30909252166748,0.3491802215576172,5.910441875457764,0.4052138030529022,6.489307403564453
v5_auto4_n70_top12_s26,48,5569.452392578125,4479.9716796875,6519.84375,4.73967981338501,8.675153732299805,9.714422225952148,0.34993651509284973,5.394832611083984,0.3944615423679352,5.779160499572754
v5_auto4_n70_top12_s26,49,5773.54052734375,4679.72509765625,6725.84716796875,4.579347133636475,8.67767333984375,9.515006065368652,0.35205569863319397,4.764062404632568,0.404034823179245,5.003018379211426
v5_auto4_n70_top12_s26,50,5982.0244140625,4883.5947265625,6935.384765625,4.458596706390381,8.421131134033203,9.428223609924316,0.3615362346172333,4.093860149383545,0.41534218192100525,4.2201361656188965
v5_auto4_n70_top12_s26,51,6193.1483154296875,5091.4951171875,7148.45556640625,4.420977592468262,7.8938469886779785,9.716984748840332,0.3785001337528229,3.4516379833221436,0.43220338225364685,3.522933006286621
v5_auto4_n70_top12_s26,52,6408.287841796875,5303.32958984375,7365.0341796875,4.448287010192871,7.502793312072754,10.010567665100098,0.39235255122184753,2.891038417816162,0.4436045289039612,2.9374988079071045
v5_auto4_n70_top12_s26,53,6627.404052734375,5518.9912109375,7585.076171875,4.478797912597656,7.565508842468262,10.09243392944336,0.4055032730102539,2.3902552127838135,0.4673630893230438,2.399637222290039
v5_auto4_n70_top12_s26,54,6849.2523193359375,5738.36279296875,7808.51708984375,4.4709978103637695,7.71779727935791,9.756096839904785,0.4272192418575287,2.0347580909729004,0.4849773049354553,2.2675867080688477
v5_auto4_n70_top12_s26,55,7075.1204833984375,5961.31201171875,8035.26708984375,4.518771171569824,7.512009143829346,9.358368873596191,0.43988293409347534,2.0323870182037354,0.49825769662857056,2.2398324012756348
v5_auto4_n70_top12_s26,56,7304.716064453125,6187.68798828125,8265.21728515625,4.431184768676758,7.49265193939209,9.739398002624512,0.46087682247161865,2.017089605331421,0.518543004989624,2.1620969772338867
v5_auto4_n70_top12_s26,57,7536.7498779296875,6417.31298828125,8498.21923828125,4.499049663543701,7.7974958419799805,10.214781761169434,0.4710775315761566,1.8193442821502686,0.5171764492988586,1.8107893466949463
v5_auto4_n70_top12_s26,58,7772.079833984375,6649.98388671875,8734.09814453125,4.894564628601074,8.644110679626465,10.398911476135254,0.4547649621963501,1.4290270805358887,0.4787132441997528,1.2980009317398071
v5_auto4_n70_top12_s26,59,8010.17724609375,6885.46240234375,8972.63916015625,5.652222156524658,8.90842056274414,11.33202075958252,0.41070419549942017,0.9773162007331848,0.42274603247642517,0.8253929615020752
v5_auto4_n70_top12_s26,60,8250.79638671875,7123.46630859375,9213.57958984375,6.3171186447143555,9.399794578552246,11.243635177612305,0.3703897297382355,0.6132333874702454,0.38726377487182617,0.6945596933364868
v5_auto4_n70_top12_s26,61,8493.505737304688,7363.64990234375,9456.59033203125,6.811893939971924,9.656559944152832,11.636810302734375,0.34837010502815247,0.6530391573905945,0.3776123821735382,0.7045833468437195
v5_auto4_n70_top12_s26,62,8737.805541992188,7605.60498046875,9701.27783203125,7.176758289337158,9.992749214172363,12.686360359191895,0.34044864773750305,0.6219291090965271,0.3746351897716522,0.6230936050415039
v5_auto4_n70_top12_s26,63,8983.411987304688,7848.81884765625,9947.14111328125,7.398478031158447,10.214545249938965,13.262717247009277,0.3221990168094635,0.5524336099624634,0.3295789062976837,0.5558179616928101
v5_auto4_n70_top12_s26,64,9229.511596679688,8092.63916015625,10193.53955078125,7.856907367706299,10.520687103271484,12.518681526184082,0.2771949768066406,0.48856598138809204,0.284771591424942,0.4854704737663269
v5_auto4_n70_top12_s26,65,9474.30908203125,8336.20751953125,10439.62255859375,8.53866958618164,11.141560554504395,14.619688987731934,0.23178008198738098,0.4281362295150757,0.2314620465040207,0.44294407963752747
v5_auto4_n70_top12_s26,66,9718.433349609375,8578.32275390625,10684.19189453125,9.116911888122559,12.244359016418457,15.299967765808105,0.18235474824905396,0.38136395812034607,0.1845487803220749,0.4109594225883484
v5_auto4_n70_top12_s26,67,9959.488525390625,8817.16162109375,10925.42138671875,9.437192916870117,13.038100242614746,14.746034622192383,0.1573692411184311,0.3939425051212311,0.16229450702667236,0.4295597970485687
v5_auto4_n70_top12_s26,68,10193.361450195312,9049.42626953125,11159.99755859375,9.861814498901367,13.745264053344727,15.777421951293945,0.11241631954908371,0.4148247241973877,0.09107396751642227,0.4593658149242401
v5_auto4_n70_top12_s26,69,10409.691040039062,9264.31005859375,11377.01904296875,9.579961776733398,13.457428932189941,15.361729621887207,0.05869961157441139,0.42590147256851196,0.052710168063640594,0.42490360140800476
s0_auto1_n60_top12_s11,0,9.86376953125,9.7587890625,9.9522705078125,1.602324366569519,3.2003836631774902,7.121650218963623,1.2008273601531982,2.7409212589263916,0.09153071790933609,0.29605191946029663
s0_auto1_n60_top12_s11,1,32.3175048828125,31.7919921875,32.76116943359375,1.762222409248352,3.79738187789917,8.411627769470215,1.3129955530166626,3.1860384941101074,0.18500003218650818,0.6653848886489868
s0_auto1_n60_top12_s11,2,60.404052734375,59.173095703125,61.443115234375,1.7671478986740112,3.995711326599121,8.872611999511719,1.304764986038208,3.2410340309143066,0.2982120215892792,1.0644404888153076
s0_auto1_n60_top12_s11,3,94.087890625,91.835693359375,95.98919677734375,1.7648277282714844,4.132326602935791,9.18416690826416,1.2665200233459473,3.1931138038635254,0.41929563879966736,1.4675058126449585
s0_auto1_n60_top12_s11,4,133.32958984375,129.70556640625,136.3892822265625,1.779166340827942,4.246645927429199,9.543227195739746,1.207144856452942,3.0686986446380615,0.5459907650947571,1.8413810729980469
s0_auto1_n60_top12_s11,5,178.0882568359375,172.706298828125,182.632080078125,1.8033647537231445,4.333491802215576,9.742960929870605,1.147355079650879,2.9148054122924805,0.6697041988372803,2.1497230529785156
s0_auto1_n60_top12_s11,6,228.325439453125,220.765380859375,234.707763671875,1.8281292915344238,4.356630802154541,9.818868637084961,1.0906896591186523,2.756636142730713,0.795911431312561,2.4349446296691895
s0_auto1_n60_top12_s11,7,284.003662109375,273.813232421875,292.6065673828125,1.8725007772445679,4.389488220214844,9.781659126281738,1.0455721616744995,2.6210243701934814,0.9172660112380981,2.6998982429504395
s0_auto1_n60_top12_s11,8,345.087646484375,331.783203125,356.3197021484375,1.933722734451294,4.412085056304932,9.63630199432373,1.016422986984253,2.526546001434326,1.039726734161377,2.9190115928649902
s0_auto1_n60_top12_s11,9,411.5430908203125,394.60986328125,425.83856201171875,2.009706497192383,4.46457052230835,9.385072708129883,1.0120165348052979,2.411809206008911,1.154887318611145,3.069183349609375
s0_auto1_n60_top12_s11,10,483.3382568359375,462.23388671875,501.15521240234375,2.097501039505005,4.546830177307129,9.015098571777344,1.013466715812683,2.2902939319610596,1.2575615644454956,3.1334474086761475
s0_auto1_n60_top12_s11,11,560.44287109375,534.59716796875,582.2625732421875,2.1953461170196533,4.649108409881592,8.609950065612793,1.0162127017974854,2.3792872428894043,1.3507261276245117,3.1156678199768066
s0_auto1_n60_top12_s11,12,642.82763671875,611.6435546875,669.1539306640625,2.299078941345215,4.758187294006348,8.198710441589355,1.010108232498169,2.5674519538879395,1.436201810836792,3.3702287673950195
s0_auto1_n60_top12_s11,13,730.466552734375,693.323486328125,761.82373046875,2.4140570163726807,4.8618927001953125,8.24460220336914,0.980521559715271,2.776063919067383,1.516672134399414,3.6689369678497314
s0_auto1_n60_top12_s11,14,823.333984375,779.58740234375,860.2659912109375,2.547701835632324,4.97019624710083,8.448134422302246,0.9396755695343018,2.9760148525238037,1.5938040018081665,3.9535324573516846
s0_auto1_n60_top12_s11,15,921.406982421875,870.390625,964.4764404296875,2.693622350692749,5.121095180511475,8.576702117919922,0.8871917724609375,3.173628330230713,1.6792463064193726,4.216162204742432
s0_auto1_n60_top12_s11,16,1024.66455078125,965.691650390625,1074.4510498046875,2.8673949241638184,5.357426643371582,8.677300453186035,0.8232181072235107,3.3660457134246826,1.7924275398254395,4.456204414367676
s0_auto1_n60_top12_s11,17,1133.0869140625,1065.45166015625,1190.186279296875,3.061791181564331,5.6598992347717285,8.719337463378906,0.7505341172218323,3.5369255542755127,1.9181722402572632,4.691076755523682
s0_auto1_n60_top12_s11,18,1246.65625,1169.635498046875,1311.679443359375,3.268397808074951,6.0075860023498535,8.790656089782715,0.6926142573356628,3.6947150230407715,2.0555591583251953,4.916372776031494
s0_auto1_n60_top12_s11,19,1365.358154296875,1278.212890625,1438.9288330078125,3.478590488433838,6.349990367889404,8.903499603271484,0.6526058912277222,3.8371667861938477,2.2021753787994385,5.105990409851074
s0_auto1_n60_top12_s11,20,1489.178955078125,1391.156005859375,1571.932861328125,3.6807799339294434,6.663219928741455,9.054180145263672,0.616399884223938,3.959803581237793,2.3724310398101807,5.262398719787598
s0_auto1_n60_top12_s11,21,1618.107421875,1508.43994140625,1710.69140625,3.8626444339752197,6.933583736419678,9.148469924926758,0.5823474526405334,4.065617561340332,2.529993772506714,5.391061782836914
s0_auto1_n60_top12_s11,22,1752.1337890625,1630.0458984375,1855.204345703125,4.020694732666016,7.149764537811279,9.144341468811035,0.5312350988388062,4.163834571838379,2.6721653938293457,5.491154193878174
s0_auto1_n60_top12_s11,23,1891.251953125,1755.95556640625,2005.47265625,4.1479339599609375,7.273684501647949,8.99346923828125,0.4913042485713959,4.250848293304443,2.7937521934509277,5.550900936126709
s0_auto1_n60_top12_s11,24,2035.456298828125,1886.15771484375,2161.498291015625,4.238903522491455,7.321253776550293,8.957883834838867,0.4749755561351776,4.308524131774902,2.879563331604004,5.540932655334473
s0_auto1_n60_top12_s11,25,2184.74462890625,2020.6435546875,2323.28369140625,4.295512676239014,7.354246139526367,8.960948944091797,0.44231995940208435,4.35466194152832,2.9234917163848877,5.457369804382324
s0_auto1_n60_top12_s11,26,2339.11572265625,2159.40673828125,2490.83154296875,4.32196569442749,7.369842529296875,8.9088773727417,0.42378702759742737,4.42492151260376,2.9105398654937744,5.400008201599121
s0_auto1_n60_top12_s11,27,2498.5712890625,2302.4453125,2664.14599609375,4.315421104431152,7.332771301269531,8.822657585144043,0.4067974388599396,4.414669036865234,2.8314313888549805,5.410125732421875
s0_auto1_n60_top12_s11,28,2663.11474609375,2449.76318359375,2843.232421875,4.254054546356201,7.257855415344238,8.816625595092773,0.39726245403289795,4.410070419311523,2.6982619762420654,5.640923976898193
s0_auto1_n60_top12_s11,29,2832.7509765625,2601.36328125,3028.0947265625,4.145144939422607,7.04176139831543,8.761305809020996,0.38895726203918457,4.4632768630981445,2.502094030380249,5.76456356048584
s0_auto1_n60_top12_s11,30,3007.4873046875,2757.25537109375,3218.73974609375,4.028541564941406,6.699606895446777,8.364290237426758,0.3706234395503998,4.44447660446167,2.2884891033172607,5.874320030212402
s0_auto1_n60_top12_s11,31,3187.3330078125,2917.45263671875,3415.174072265625,3.949937582015991,6.447256565093994,8.14649772644043,0.34674426913261414,4.267336845397949,2.1368155479431152,5.858936786651611
s0_auto1_n60_top12_s11,32,3372.29931640625,3081.96875,3617.40478515625,3.926241874694824,6.3623785972595215,8.989119529724121,0.31973007321357727,3.9981496334075928,2.08978009223938,5.61287260055542
s0_auto1_n60_top12_s11,33,3562.3974609375,3250.8212890625,3825.43896484375,3.9560775756835938,6.6378889083862305,9.766036033630371,0.29753705859184265,4.199900150299072,2.160052537918091,5.3031005859375
s0_auto1_n60_top12_s11,34,3757.6416015625,3424.03076171875,4039.28564453125,4.0531325340271,7.376001358032227,10.755922317504883,0.28416281938552856,4.703271389007568,2.2983224391937256,5.89521598815918
s0_auto1_n60_top12_s11,35,3958.04638671875,3601.619140625,4258.95263671875,4.22831392288208,7.842494010925293,11.045989036560059,0.27732181549072266,5.196660041809082,2.414818525314331,6.446743965148926
s0_auto1_n60_top12_s11,36,4163.62890625,3783.61083984375,4484.45068359375,4.4871039390563965,8.52570915222168,11.248132705688477,0.2791847288608551,5.644320964813232,2.490199089050293,6.92910623550415
s0_auto1_n60_top12_s11,37,4374.404296875,3970.0322265625,4715.78662109375,4.7929792404174805,9.602232933044434,11.047389030456543,0.2988557517528534,6.024749755859375,2.589545965194702,7.314937591552734
s0_auto1_n60_top12_s11,38,4590.39111328125,4160.90869140625,4952.97216796875,5.068846225738525,9.995524406433105,11.01235580444336,0.3005114495754242,6.295487403869629,2.6550357341766357,7.532041549682617
s0_auto1_n60_top12_s11,39,4811.60595703125,4356.26806640625,5196.01513671875,5.2203850746154785,9.95596694946289,11.0267333984375,0.302926242351532,6.396360874176025,2.6267805099487305,7.518222808837891
s0_auto1_n60_top12_s11,40,5038.06689453125,4556.13720703125,5444.92578125,5.204905986785889,9.816507339477539,10.852818489074707,0.3160621225833893,6.268618583679199,2.51053524017334,7.212911605834961
s0_auto1_n60_top12_s11,41,5269.7919921875,4760.54345703125,5699.71435546875,5.035035133361816,9.328436851501465,10.694158554077148,0.3262813091278076,5.890770435333252,2.328165292739868,6.633428573608398
s0_auto1_n60_top12_s11,42,5506.7978515625,4969.51220703125,5960.3896484375,4.8169732093811035,8.794687271118164,10.433277130126953,0.3381863832473755,5.274044513702393,2.148607015609741,5.784174919128418
s0_auto1_n60_top12_s11,43,5749.09814453125,5183.06591796875,6226.95947265625,4.6320319175720215,8.675471305847168,10.270224571228027,0.34734436869621277,4.500831604003906,1.9769519567489624,4.842097759246826
s0_auto1_n60_top12_s11,44,5996.7099609375,5401.22705078125,6499.43359375,4.506581783294678,8.480729103088379,9.801711082458496,0.35523301362991333,3.7100651264190674,1.8110263347625732,3.950859546661377
s0_auto1_n60_top12_s11,45,6249.6435546875,5624.01220703125,6777.81982421875,4.458107948303223,7.947727680206299,10.02408218383789,0.37060046195983887,3.0308897495269775,1.6815671920776367,3.2748560905456543
s0_auto1_n60_top12_s11,46,6507.9091796875,5851.43603515625,7062.12353515625,4.455543518066406,7.601998329162598,10.094182014465332,0.3923227787017822,2.429520606994629,1.563480257987976,2.81441330909729
s0_auto1_n60_top12_s11,47,6771.515625,6083.50634765625,7352.3525390625,4.461083889007568,7.6253981590271,10.095365524291992,0.41737356781959534,2.018972873687744,1.4540928602218628,2.82238507270813
s0_auto1_n60_top12_s11,48,7040.4638671875,6320.22509765625,7648.509765625,4.488485336303711,7.52971076965332,9.609529495239258,0.44671347737312317,1.965104579925537,1.3179121017456055,2.693690776824951
s0_auto1_n60_top12_s11,49,7314.7548828125,6561.58837890625,7950.60009765625,4.4795002937316895,7.533320903778076,9.782194137573242,0.4598049521446228,2.021916627883911,1.2242777347564697,2.4817395210266113
s0_auto1_n60_top12_s11,50,7594.3828125,6807.58154296875,8258.62353515625,4.611347198486328,8.075119972229004,10.331653594970703,0.4628226161003113,1.8490490913391113,1.1800377368927002,2.3966944217681885
s0_auto1_n60_top12_s11,51,7879.337890625,7058.18310546875,8572.57958984375,5.185240745544434,8.684354782104492,10.581263542175293,0.43165016174316406,1.3601990938186646,1.1155387163162231,2.11331844329834
s0_auto1_n60_top12_s11,52,8169.6044921875,7313.36083984375,8892.47021484375,6.035701751708984,9.100332260131836,11.224441528320312,0.38639459013938904,0.7572214603424072,1.0817804336547852,1.9771167039871216
s0_auto1_n60_top12_s11,53,8465.1572265625,7573.06689453125,9218.28466796875,6.7666707038879395,9.73641300201416,11.687211036682129,0.3453587591648102,0.6016582250595093,0.9906910061836243,1.8119196891784668
s0_auto1_n60_top12_s11,54,8765.9638671875,7837.24169921875,9550.01806640625,7.176004409790039,9.979196548461914,12.679841995239258,0.34551575779914856,0.6291550397872925,0.8807794451713562,1.6172741651535034
s0_auto1_n60_top12_s11,55,9071.98828125,8105.81298828125,9887.66064453125,7.527839660644531,10.292864799499512,13.911691665649414,0.31248939037323,0.5740935802459717,0.7595968842506409,1.392049789428711
s0_auto1_n60_top12_s11,56,9383.1767578125,8378.68603515625,10231.19677734375,8.2865629196167,10.883625984191895,14.974895477294922,0.2567242383956909,0.5026896595954895,0.6279370188713074,1.1904551982879639
s0_auto1_n60_top12_s11,57,9699.4716796875,8655.75048828125,10580.61083984375,9.06697940826416,12.19416332244873,16.195648193359375,0.19424469769001007,0.42484763264656067,0.44989779591560364,0.8760249614715576
s0_auto1_n60_top12_s11,58,10020.798828125,8936.87451171875,10935.87841796875,9.510781288146973,13.1658935546875,14.97884464263916,0.13731519877910614,0.41043615341186523,0.2612580955028534,0.5421321988105774
s0_auto1_n60_top12_s11,59,10347.0712890625,9221.90087890625,11296.97314453125,9.655077934265137,13.45998477935791,15.441367149353027,0.0741046890616417,0.42708951234817505,0.053376343101263046,0.4337233901023865
s1_auto1_n60_top12_s15_3,0,9.7967529296875,9.474609375,10.0885009765625,1.6031423807144165,3.2030248641967773,7.1459641456604,1.1997679471969604,2.736691474914551,0.0921306312084198,0.2993414103984833
s1_auto1_n60_top12_s15_3,1,31.981201171875,30.3681640625,33.44189453125,1.7627755403518677,3.7975869178771973,8.43423843383789,1.311964988708496,3.174922466278076,0.18692389130592346,0.6771470308303833
s1_auto1_n60_top12_s15_3,2,59.616455078125,55.84033203125,63.03497314453125,1.767911672592163,3.9976613521575928,8.884729385375977,1.3036764860153198,3.2298028469085693,0.30184459686279297,1.082063913345337
s1_auto1_n60_top12_s15_3,3,92.649169921875,85.748046875,98.8961181640625,1.764858603477478,4.130862236022949,9.195765495300293,1.2668673992156982,3.1841888427734375,0.42557772994041443,1.4809612035751343
s1_auto1_n60_top12_s15_3,4,131.017822265625,119.929931640625,141.0535888671875,1.7774771451950073,4.241943836212158,9.560750007629395,1.2082204818725586,3.063225507736206,0.5517435073852539,1.8485454320907593
s1_auto1_n60_top12_s15_3,5,174.662109375,158.228759765625,189.5333251953125,1.7998088598251343,4.325483798980713,9.761568069458008,1.1474275588989258,2.9118523597717285,0.6778474450111389,2.166971445083618
s1_auto1_n60_top12_s15_3,6,223.525634765625,200.500244140625,244.35791015625,1.8206775188446045,4.348105430603027,9.82528305053711,1.0936717987060547,2.7556071281433105,0.8025497794151306,2.4645721912384033
s1_auto1_n60_top12_s15_3,7,277.5538330078125,246.6103515625,305.5430908203125,1.8602455854415894,4.374185085296631,9.776055335998535,1.045302152633667,2.615640640258789,0.9274883270263672,2.7279775142669678
s1_auto1_n60_top12_s15_3,8,336.6973876953125,296.44140625,373.0994873046875,1.916388750076294,4.391263961791992,9.599651336669922,1.013572096824646,2.5243945121765137,1.0531383752822876,2.9455230236053467
s1_auto1_n60_top12_s15_3,9,400.9112548828125,349.889404296875,447.03253173828125,1.9881983995437622,4.421356678009033,9.3213472366333,1.006452202796936,2.4154398441314697,1.168951392173767,3.0971755981445312
s1_auto1_n60_top12_s15_3,10,470.153076171875,406.865478515625,527.3394775390625,2.0719549655914307,4.495662689208984,8.933568954467773,1.009782075881958,2.313469409942627,1.268415093421936,3.164822816848755
s1_auto1_n60_top12_s15_3,11,544.3868408203125,467.300537109375,614.01025390625,2.1647439002990723,4.58593225479126,8.507346153259277,1.0115854740142822,2.4158408641815186,1.3596352338790894,3.208634614944458
s1_auto1_n60_top12_s15_3,12,623.580322265625,531.139892578125,707.0279541015625,2.262732744216919,4.701310157775879,8.08080005645752,1.0122566223144531,2.4873297214508057,1.4423449039459229,3.533780097961426
s1_auto1_n60_top12_s15_3,13,707.706787109375,598.349609375,806.3677978515625,2.372915029525757,4.790107250213623,8.01018238067627,0.9946933388710022,2.680469512939453,1.5131319761276245,3.8607099056243896
s1_auto1_n60_top12_s15_3,14,796.743408203125,668.912353515625,911.9957275390625,2.502592086791992,4.885505676269531,8.211592674255371,0.9576666951179504,2.8730878829956055,1.5712000131607056,4.162979602813721
s1_auto1_n60_top12_s15_3,15,890.673095703125,742.832763671875,1023.8701171875,2.6491870880126953,4.990367412567139,8.38558292388916,0.9109427332878113,3.072240114212036,1.6200265884399414,4.449690818786621
s1_auto1_n60_top12_s15_3,16,989.48486328125,820.132080078125,1141.9420166015625,2.8181824684143066,5.1439409255981445,8.515746116638184,0.8548569083213806,3.255340337753296,1.6858046054840088,4.70603084564209
s1_auto1_n60_top12_s15_3,17,1093.1712646484375,900.853759765625,1266.1527099609375,3.0098366737365723,5.396364212036133,8.641196250915527,0.7896935343742371,3.4358627796173096,1.7569305896759033,4.938736438751221
s1_auto1_n60_top12_s15_3,18,1201.722412109375,985.06005859375,1396.50244140625,3.2124123573303223,5.708150386810303,8.704504013061523,0.7296460270881653,3.592818260192871,1.8314119577407837,5.147550106048584
s1_auto1_n60_top12_s15_3,19,1315.1611328125,1072.831787109375,1532.891357421875,3.4178757667541504,6.047523498535156,8.745573043823242,0.6837477684020996,3.7425997257232666,1.9048271179199219,5.358382225036621
s1_auto1_n60_top12_s15_3,20,1433.43212890625,1164.26806640625,1675.2333984375,3.6225674152374268,6.385891437530518,8.861023902893066,0.6381190419197083,3.8765218257904053,1.976374864578247,5.531008720397949
s1_auto1_n60_top12_s15_3,21,1556.6654052734375,1259.486328125,1823.4482421875,3.8196280002593994,6.7104973793029785,9.018996238708496,0.5829594135284424,3.99265193939209,2.051503896713257,5.667696475982666
s1_auto1_n60_top12_s15_3,22,1684.8502197265625,1358.620849609375,1977.4521484375,4.002898216247559,6.996230125427246,9.130453109741211,0.5383660197257996,4.09377908706665,2.108222007751465,5.7768120765686035
s1_auto1_n60_top12_s15_3,23,1817.94677734375,1461.821044921875,2137.15625,4.170368194580078,7.234202861785889,9.155451774597168,0.49719199538230896,4.18797492980957,2.145289659500122,5.859419345855713
s1_auto1_n60_top12_s15_3,24,1956.11962890625,1569.250244140625,2302.47119140625,4.302770614624023,7.395103931427002,9.07190227508545,0.474606454372406,4.2724761962890625,2.1526780128479004,5.908017635345459
s1_auto1_n60_top12_s15_3,25,2099.1832275390625,1681.083251953125,2473.305419921875,4.38540506362915,7.47357177734375,9.003507614135742,0.4394592344760895,4.331658840179443,2.120185136795044,5.8923258781433105
s1_auto1_n60_top12_s15_3,26,2247.3270263671875,1797.506103515625,2649.56787109375,4.41165828704834,7.546864986419678,8.98383903503418,0.4259012043476105,4.362703323364258,2.046602725982666,5.808590412139893
s1_auto1_n60_top12_s15_3,27,2400.5054931640625,1918.712158203125,2831.169921875,4.401460647583008,7.4855170249938965,8.852784156799316,0.4113304316997528,4.449392318725586,1.9342677593231201,5.645359039306641
s1_auto1_n60_top12_s15_3,28,2558.9095458984375,2044.902587890625,3018.02490234375,4.3448567390441895,7.33950662612915,8.854259490966797,0.3913406431674957,4.458467960357666,1.7874263525009155,5.640934944152832
s1_auto1_n60_top12_s15_3,29,2722.7108154296875,2176.280517578125,3210.05078125,4.23166036605835,7.030041217803955,8.492053031921387,0.3835497200489044,4.454748153686523,1.614737868309021,5.713273048400879
s1_auto1_n60_top12_s15_3,30,2891.5765380859375,2313.051513671875,3407.17138671875,4.085511207580566,6.619833469390869,8.150419235229492,0.3814205229282379,4.464169979095459,1.4372050762176514,5.707666873931885
s1_auto1_n60_top12_s15_3,31,3065.7401123046875,2455.421142578125,3609.31787109375,3.941890001296997,6.24478006362915,7.6089324951171875,0.35547637939453125,4.343157768249512,1.2710882425308228,5.5269246101379395
s1_auto1_n60_top12_s15_3,32,3245.5330810546875,2603.54638671875,3816.42822265625,3.839386224746704,5.857155799865723,7.27286958694458,0.3252769112586975,4.106916427612305,1.154496431350708,5.216070175170898
s1_auto1_n60_top12_s15_3,33,3430.740966796875,2757.65673828125,4028.4501953125,3.8251607418060303,5.838176250457764,7.954563617706299,0.29239481687545776,3.7775402069091797,1.1249186992645264,4.841618537902832
s1_auto1_n60_top12_s15_3,34,3621.2178955078125,2917.94873046875,4245.341796875,3.912045478820801,6.790158271789551,8.257407188415527,0.27941668033599854,4.195909023284912,1.1508309841156006,5.407724857330322
s1_auto1_n60_top12_s15_3,35,3817.7171630859375,3084.6025390625,4467.07080078125,4.071987628936768,7.566192150115967,9.072532653808594,0.26933175325393677,4.6985087394714355,1.152759075164795,5.995635032653809
s1_auto1_n60_top12_s15_3,36,4019.9102783203125,3257.78955078125,4693.61669921875,4.25784969329834,7.8515625,9.966449737548828,0.2748749852180481,5.197437763214111,1.1044483184814453,6.544886589050293
s1_auto1_n60_top12_s15_3,37,4227.34912109375,3437.6669921875,4924.96923828125,4.5259222984313965,8.638957977294922,10.992525100708008,0.286674827337265,5.652937889099121,1.0848275423049927,7.017689228057861
s1_auto1_n60_top12_s15_3,38,4440.959228515625,3624.38037109375,5161.1298828125,4.941317081451416,9.800995826721191,11.20152759552002,0.2827654778957367,6.040445327758789,1.0826467275619507,7.393863201141357
s1_auto1_n60_top12_s15_3,39,4660.2005615234375,3818.05859375,5402.1103515625,5.348557949066162,10.323360443115234,11.056168556213379,0.278752863407135,6.317145824432373,1.03253173828125,7.595003128051758
s1_auto1_n60_top12_s15_3,40,4885.748291015625,4018.81640625,5647.93408203125,5.404167175292969,10.058952331542969,10.796120643615723,0.293118417263031,6.416199684143066,0.9421254992485046,7.548057556152344
s1_auto1_n60_top12_s15_3,41,5117.3603515625,4226.75048828125,5898.63330078125,5.19594669342041,9.55830192565918,10.525827407836914,0.3218187391757965,6.272414684295654,0.8312430381774902,7.184860706329346
s1_auto1_n60_top12_s15_3,42,5354.8377685546875,4441.94189453125,6154.24951171875,4.91333532333374,8.802535057067871,10.37662124633789,0.346921443939209,5.859384536743164,0.7419946789741516,6.521888256072998
s1_auto1_n60_top12_s15_3,43,5597.921630859375,4664.4501953125,6414.82958984375,4.7186970710754395,8.675894737243652,9.717007637023926,0.34950917959213257,5.206325531005859,0.6710329055786133,5.6151885986328125
s1_auto1_n60_top12_s15_3,44,5848.097900390625,4894.322265625,6680.431640625,4.537320137023926,8.629584312438965,9.619560241699219,0.3546443283557892,4.414323329925537,0.608776330947876,4.643737316131592
s1_auto1_n60_top12_s15_3,45,6103.726806640625,5131.58251953125,6951.11328125,4.425520420074463,8.190286636352539,9.679705619812012,0.3689739406108856,3.6192381381988525,0.5737972855567932,3.745187282562256
s1_auto1_n60_top12_s15_3,46,6366.4599609375,5376.23828125,7226.9384765625,4.446685791015625,7.552741527557373,10.01909351348877,0.3890976905822754,2.923647880554199,0.5575434565544128,3.022552251815796
s1_auto1_n60_top12_s15_3,47,6634.6776123046875,5628.27978515625,7507.97216796875,4.473879337310791,7.590950965881348,10.118049621582031,0.4013798236846924,2.30796217918396,0.5544147491455078,2.3951826095581055
s1_auto1_n60_top12_s15_3,48,6909.2314453125,5887.67626953125,7794.27783203125,4.468860149383545,7.658828258514404,9.672751426696777,0.4327349066734314,2.0267586708068848,0.5527543425559998,2.3256947994232178
s1_auto1_n60_top12_s15_3,49,7190.597412109375,6154.38134765625,8085.91845703125,4.490267276763916,7.467841148376465,9.411048889160156,0.4523187577724457,2.007758855819702,0.5605294704437256,2.1760458946228027
s1_auto1_n60_top12_s15_3,50,7477.2864990234375,6428.32568359375,8382.95263671875,4.464783668518066,7.634245872497559,10.124396324157715,0.47007811069488525,1.89592707157135,0.562142014503479,1.8697278499603271
s1_auto1_n60_top12_s15_3,51,7770.9779052734375,6709.42333984375,8685.43017578125,4.889339447021484,8.640138626098633,10.379936218261719,0.45315539836883545,1.4421895742416382,0.5059881806373596,1.2405081987380981
s1_auto1_n60_top12_s15_3,52,8071.041259765625,6997.56884765625,8993.39990234375,5.814737796783447,8.961161613464355,11.294891357421875,0.39762070775032043,0.8617268204689026,0.43906116485595703,0.7978932857513428
s1_auto1_n60_top12_s15_3,53,8377.128662109375,7292.63134765625,9306.89306640625,6.714375019073486,9.94563102722168,11.424778938293457,0.3556789755821228,0.6284501552581787,0.43199241161346436,0.7459414005279541
s1_auto1_n60_top12_s15_3,54,8689.70166015625,7594.45849609375,9625.93408203125,7.137837886810303,9.968730926513672,12.683327674865723,0.34572669863700867,0.6336100101470947,0.41596096754074097,0.7024199962615967
s1_auto1_n60_top12_s15_3,55,9008.384643554688,7902.87548828125,9950.53759765625,7.434346675872803,10.275153160095215,13.511679649353027,0.31882238388061523,0.5481839776039124,0.34836000204086304,0.6212881803512573
s1_auto1_n60_top12_s15_3,56,9332.970581054688,8217.67333984375,10280.69873046875,8.147806167602539,10.667007446289062,13.950655937194824,0.25702038407325745,0.46366623044013977,0.2671305537223816,0.46309947967529297
s1_auto1_n60_top12_s15_3,57,9662.695190429688,8538.61474609375,10616.40283203125,8.976381301879883,11.955521583557129,14.785560607910156,0.18665561079978943,0.3865073323249817,0.19183243811130524,0.43854469060897827
s1_auto1_n60_top12_s15_3,58,9998.301025390625,8865.42431640625,10957.61767578125,9.483524322509766,13.130741119384766,14.900291442871094,0.13771174848079681,0.39711523056030273,0.13868103921413422,0.465053528547287
s1_auto1_n60_top12_s15_3,59,10339.484008789062,9197.77880859375,11304.29638671875,9.664071083068848,13.456775665283203,15.458157539367676,0.07260037213563919,0.4179505705833435,0.05300607904791832,0.42668259143829346
s2_auto1_n60_top12_s24,0,9.713134765625,9.23974609375,10.14404296875,1.6039035320281982,3.2059245109558105,7.184203147888184,1.1986409425735474,2.7406697273254395,0.09326565265655518,0.3036222457885742
s2_auto1_n60_top12_s24,1,31.563720703125,29.194091796875,33.71966552734375,1.762494683265686,3.795729160308838,8.466509819030762,1.3113322257995605,3.168520212173462,0.18939810991287231,0.6913600564002991
s2_auto1_n60_top12_s24,2,58.64013671875,53.0966796875,63.68377685546875,1.768754243850708,3.998565435409546,8.904655456542969,1.3042871952056885,3.2223734855651855,0.3064296543598175,1.1052961349487305
s2_auto1_n60_top12_s24,3,90.8663330078125,80.74267578125,100.07550048828125,1.765219807624817,4.128567218780518,9.210824966430664,1.2672523260116577,3.1795897483825684,0.4328269064426422,1.5140202045440674
s2_auto1_n60_top12_s24,4,128.155029296875,111.904052734375,142.93511962890625,1.7762850522994995,4.237241268157959,9.575481414794922,1.2078906297683716,3.062537431716919,0.5622286796569824,1.8920377492904663
s2_auto1_n60_top12_s24,5,170.4228515625,146.365966796875,192.2974853515625,1.7969391345977783,4.318363666534424,9.780538558959961,1.1484298706054688,2.914194345474243,0.6906542181968689,2.2195205688476562
s2_auto1_n60_top12_s24,6,217.59130859375,183.933349609375,248.187744140625,1.8140236139297485,4.341979503631592,9.835627555847168,1.0949864387512207,2.7602579593658447,0.8210833072662354,2.524472236633301
s2_auto1_n60_top12_s24,7,269.5882568359375,224.436279296875,310.6195068359375,1.8489869832992554,4.3628644943237305,9.78994083404541,1.0480729341506958,2.615790843963623,0.9531991481781006,2.795046329498291
s2_auto1_n60_top12_s24,8,326.3480224609375,267.729248046875,379.5975341796875,1.8995052576065063,4.377059459686279,9.596325874328613,1.0135303735733032,2.5290398597717285,1.0798522233963013,3.0197694301605225
s2_auto1_n60_top12_s24,9,387.812255859375,313.698974609375,455.112060546875,1.966219186782837,4.390249252319336,9.314164161682129,1.0045586824417114,2.4273178577423096,1.2023484706878662,3.1817493438720703
s2_auto1_n60_top12_s24,10,453.9365234375,362.26025390625,537.1390380859375,2.044858694076538,4.446515083312988,8.924737930297852,1.003907561302185,2.318124294281006,1.3080964088439941,3.263437509536743
s2_auto1_n60_top12_s24,11,524.67822265625,413.361328125,625.6422119140625,2.1316564083099365,4.536762237548828,8.494074821472168,1.0051839351654053,2.419780731201172,1.4059405326843262,3.361603260040283
s2_auto1_n60_top12_s24,12,599.996337890625,466.983154296875,720.5697021484375,2.2238762378692627,4.636261463165283,8.063523292541504,1.0083907842636108,2.489893674850464,1.4892287254333496,3.6991991996765137
s2_auto1_n60_top12_s24,13,679.895263671875,523.142333984375,821.855224609375,2.327501058578491,4.73436164855957,7.792893409729004,1.0001477003097534,2.580350399017334,1.5562814474105835,4.0401811599731445
s2_auto1_n60_top12_s24,14,764.340087890625,581.888427734375,929.4188232421875,2.449803352355957,4.816104888916016,7.9813008308410645,0.9728533625602722,2.7761423587799072,1.6144179105758667,4.3668060302734375
s2_auto1_n60_top12_s24,15,853.32666015625,643.307373046875,1043.1654052734375,2.590296745300293,4.891787528991699,8.162422180175781,0.9339953064918518,2.967992067337036,1.646437644958496,4.668817520141602
s2_auto1_n60_top12_s24,16,946.866943359375,707.5185546875,1162.988037109375,2.752091407775879,5.001112937927246,8.310807228088379,0.8866968154907227,3.152407646179199,1.6813889741897583,4.948298931121826
s2_auto1_n60_top12_s24,17,1044.981689453125,774.674560546875,1288.7684326171875,2.931978940963745,5.177093505859375,8.4678373336792,0.8287887573242188,3.3244986534118652,1.7104367017745972,5.191061973571777
s2_auto1_n60_top12_s24,18,1147.696533203125,844.959716796875,1420.3785400390625,3.126136541366577,5.442246913909912,8.563536643981934,0.7695761919021606,3.4908554553985596,1.744586706161499,5.403050422668457
s2_auto1_n60_top12_s24,19,1255.0467529296875,918.587646484375,1557.6822509765625,3.323021173477173,5.753509998321533,8.660224914550781,0.7237271666526794,3.6369450092315674,1.7774441242218018,5.585033416748047
s2_auto1_n60_top12_s24,20,1367.0625,995.7998046875,1700.7265625,3.520380973815918,6.081786632537842,8.717269897460938,0.6678045988082886,3.779468059539795,1.7947863340377808,5.769925594329834
s2_auto1_n60_top12_s24,21,1483.740966796875,1076.859130859375,1849.259765625,3.719514846801758,6.42050313949585,8.827146530151367,0.6205870509147644,3.9065616130828857,1.808232307434082,5.913543701171875
s2_auto1_n60_top12_s24,22,1605.338623046875,1162.050048828125,2003.121826171875,3.913727045059204,6.748452663421631,8.974116325378418,0.5716274976730347,4.017573356628418,1.8195013999938965,6.019054889678955
s2_auto1_n60_top12_s24,23,1731.76708984375,1251.672607421875,2162.177490234375,4.101898193359375,7.051906585693359,9.111671447753906,0.5207422971725464,4.1154327392578125,1.8109056949615479,6.095953464508057
s2_auto1_n60_top12_s24,24,1863.2919921875,1346.039794921875,2326.297607421875,4.2701263427734375,7.300795555114746,9.169347763061523,0.4792136549949646,4.2061967849731445,1.7858338356018066,6.145836353302002
s2_auto1_n60_top12_s24,25,1999.705078125,1445.470458984375,2495.361083984375,4.395672798156738,7.492125034332275,9.109251022338867,0.46784913539886475,4.287912368774414,1.7290574312210083,6.165572643280029
s2_auto1_n60_top12_s24,26,2141.044189453125,1550.287353515625,2669.257568359375,4.460346221923828,7.611661434173584,9.016225814819336,0.4357292354106903,4.347413063049316,1.6439995765686035,6.126678943634033
s2_auto1_n60_top12_s24,27,2287.8443603515625,1660.811767578125,2847.891357421875,4.450794219970703,7.622820854187012,8.966737747192383,0.4168287515640259,4.373106002807617,1.5323853492736816,6.018033027648926
s2_auto1_n60_top12_s24,28,2440.2584228515625,1777.359619140625,3031.183349609375,4.404973030090332,7.4794158935546875,8.856252670288086,0.399997353553772,4.4634857177734375,1.3941923379898071,5.852024078369141
s2_auto1_n60_top12_s24,29,2597.8380126953125,1900.235595703125,3219.0703125,4.3172101974487305,7.227492809295654,8.576847076416016,0.3879181742668152,4.488307476043701,1.2446587085723877,5.794155597686768
s2_auto1_n60_top12_s24,30,2760.98876953125,2029.69775390625,3411.5107421875,4.202131748199463,6.8211283683776855,8.164362907409668,0.38340041041374207,4.492368221282959,1.09491765499115,5.782741069793701
s2_auto1_n60_top12_s24,31,2929.965087890625,2166.0166015625,3608.484375,4.050183296203613,6.455374240875244,7.639349937438965,0.36953237652778625,4.446348190307617,0.9491999745368958,5.662470817565918
s2_auto1_n60_top12_s24,32,3104.5230712890625,2309.47802734375,3809.98974609375,3.891155242919922,5.977852821350098,7.066220283508301,0.3470252454280853,4.290197849273682,0.8146659135818481,5.3326096534729
s2_auto1_n60_top12_s24,33,3285.4869384765625,2460.31640625,4016.05029296875,3.7966067790985107,5.572418689727783,6.468458652496338,0.3096736967563629,4.014621257781982,0.7319903373718262,4.92390775680542
s2_auto1_n60_top12_s24,34,3472.44970703125,2618.74072265625,4226.7080078125,3.8103487491607666,5.96964168548584,7.440274238586426,0.28544172644615173,3.729776382446289,0.7025264501571655,4.909716606140137
s2_auto1_n60_top12_s24,35,3665.0152587890625,2784.93603515625,4442.02685546875,3.9359145164489746,7.121181964874268,8.131956100463867,0.2783087491989136,4.217097282409668,0.6906144022941589,5.47074031829834
s2_auto1_n60_top12_s24,36,3864.3055419921875,2959.06103515625,4662.08984375,4.110590934753418,7.631977081298828,8.547388076782227,0.26953065395355225,4.727758407592773,0.6556165218353271,6.050805568695068
s2_auto1_n60_top12_s24,37,4069.963623046875,3141.24755859375,4886.99462890625,4.293215274810791,7.929200649261475,9.328753471374512,0.2789972126483917,5.234050750732422,0.6246020197868347,6.58358907699585
s2_auto1_n60_top12_s24,38,4282.3544921875,3331.60302734375,5116.85791015625,4.602924823760986,8.998525619506836,10.819160461425781,0.2808566391468048,5.694149494171143,0.6065441370010376,7.034813404083252
s2_auto1_n60_top12_s24,39,4501.299072265625,3530.20703125,5351.8037109375,5.095617294311523,10.052284240722656,11.339449882507324,0.2732356786727905,6.081273078918457,0.5755671858787537,7.379305839538574
s2_auto1_n60_top12_s24,40,4726.2415771484375,3737.11767578125,5591.96923828125,5.458951473236084,10.397753715515137,11.027292251586914,0.27483585476875305,6.34228515625,0.531127393245697,7.523131847381592
s2_auto1_n60_top12_s24,41,4958.994873046875,3952.36865234375,5837.49755859375,5.3709516525268555,9.918177604675293,10.622693061828613,0.3022456765174866,6.3988037109375,0.4857613146305084,7.387187480926514
s2_auto1_n60_top12_s24,42,5197.802978515625,4175.97265625,6088.53369140625,5.097754001617432,9.279443740844727,10.451705932617188,0.332090824842453,6.188573837280273,0.4622146189212799,6.92140007019043
s2_auto1_n60_top12_s24,43,5444.41650390625,4407.9208984375,6345.22314453125,4.836208820343018,8.737776756286621,10.096980094909668,0.35018330812454224,5.695262432098389,0.44258394837379456,6.15206241607666
s2_auto1_n60_top12_s24,44,5697.297607421875,4648.189453125,6607.70947265625,4.636329174041748,8.67065143585205,9.418562889099121,0.35148370265960693,4.975890159606934,0.43317490816116333,5.193601608276367
s2_auto1_n60_top12_s24,45,5957.11083984375,4896.734375,6876.12939453125,4.472329616546631,8.493546485900879,9.413227081298828,0.3590385615825653,4.152057647705078,0.4387231171131134,4.213870525360107
s2_auto1_n60_top12_s24,46,6224.805419921875,5153.49755859375,7150.6103515625,4.426494598388672,7.787507057189941,9.787282943725586,0.3788158893585205,3.3651161193847656,0.45531249046325684,3.3661820888519287
s2_auto1_n60_top12_s24,47,6498.5748291015625,5418.4072265625,7431.27099609375,4.466285705566406,7.469796180725098,10.001916885375977,0.3936300575733185,2.678056240081787,0.4700157344341278,2.6390011310577393
s2_auto1_n60_top12_s24,48,6779.7611083984375,5691.37744140625,7718.21240234375,4.463939666748047,7.676433563232422,9.866924285888672,0.42084670066833496,2.0632333755493164,0.4933013319969177,2.2754249572753906
s2_auto1_n60_top12_s24,49,7068.711181640625,5972.30908203125,8011.52294921875,4.514366149902344,7.525712966918945,9.375271797180176,0.43970322608947754,2.0192933082580566,0.511306881904602,2.2283060550689697
s2_auto1_n60_top12_s24,50,7364.1248779296875,6261.09228515625,8311.27099609375,4.429635047912598,7.489323139190674,9.899236679077148,0.46571624279022217,1.991401195526123,0.5345077514648438,2.0538852214813232
s2_auto1_n60_top12_s24,51,7666.87939453125,6557.60400390625,8617.50439453125,4.664808750152588,8.356273651123047,10.387158393859863,0.46596604585647583,1.613820195198059,0.4966687858104706,1.4317632913589478
s2_auto1_n60_top12_s24,52,7976.87255859375,6861.70849609375,8930.25341796875,5.529145240783691,8.86966609954834,11.045379638671875,0.4174463152885437,1.0425502061843872,0.4242763817310333,0.8143758177757263
s2_auto1_n60_top12_s24,53,8293.815307617188,7173.25146484375,9249.52001953125,6.459774971008301,9.601692199707031,11.295974731445312,0.36433419585227966,0.6237905025482178,0.3883809745311737,0.7190225720405579
s2_auto1_n60_top12_s24,54,8617.434448242188,7492.06787109375,9575.28564453125,6.994426250457764,9.716212272644043,12.197844505310059,0.3432217538356781,0.6430000066757202,0.37997305393218994,0.6551271080970764
s2_auto1_n60_top12_s24,55,8947.975463867188,7817.97216796875,9907.50634765625,7.353394985198975,10.117327690124512,12.883665084838867,0.32373347878456116,0.5682481527328491,0.3301089406013489,0.5650109052658081
s2_auto1_n60_top12_s24,56,9284.369995117188,8150.75439453125,10246.10498046875,8.005568504333496,10.544510841369629,13.252116203308105,0.2625209391117096,0.47985729575157166,0.25554946064949036,0.4658304452896118
s2_auto1_n60_top12_s24,57,9627.669677734375,8490.18115234375,10590.98388671875,8.888293266296387,11.726545333862305,14.435382843017578,0.1926380842924118,0.39218592643737793,0.1836477518081665,0.40643444657325745
s2_auto1_n60_top12_s24,58,9977.312744140625,8835.98388671875,10942.00634765625,9.456936836242676,13.072115898132324,14.817768096923828,0.13941214978694916,0.39200761914253235,0.13605396449565887,0.4340970516204834
s2_auto1_n60_top12_s24,59,10332.369750976562,9187.85791015625,11299.00732421875,9.674019813537598,13.46264934539795,15.466205596923828,0.07388219237327576,0.4091111719608307,0.052614640444517136,0.4192782938480377
